日期,功率,2米比湿(g/kq),2米气温(℃),地表气温(℃),到达地表的短波辐射(w/m2),2米相对湿度(%),相对湿度500(%),地面气压(hPa)
2018/11/15 7:45,-0.3529,2.2,-5.4,-4,0,81.1,78.1,880.3
2018/11/15 8:00,-0.5519,2.2,-5.3,-3.8,11.3,79.7,77.8,880.4
2018/11/15 8:15,-0.8539,2.2,-5.2,-3.8,13.9,75.8,74.9,879.9
2018/11/15 8:30,-0.9731,2.2,-5.1,-3.5,83.7,73.5,74.4,880
2018/11/15 8:45,-0.6275,2.1,-5.2,-3.4,83.7,71.4,73.2,880
2018/11/15 9:00,-1.1899,2,-5,-2.9,181.5,68,72.6,880.1
2018/11/15 9:15,-1.3438,1.9,-5,-2.9,181.5,65.2,69.9,880.3
2018/11/15 9:30,-0.2301,1.9,-4.8,-2.3,259.1,61.7,67.8,880.3
2018/11/15 9:45,-1.6324,1.8,-4.8,-2.1,259.1,59.1,66.6,880.2
2018/11/15 10:00,-1.3564,1.7,-4.6,-1.6,324.3,56.3,63.5,880.2
2018/11/15 10:15,-3.1472,1.7,-4.5,-1.4,324.3,54.4,55.4,880.3
2018/11/15 10:30,-4.2172,1.7,-4.2,-0.9,403,52.3,44.8,880.3
2018/11/15 10:45,-5.1518,1.6,-4.1,-0.8,403,50.6,35.4,880.3
2018/11/15 11:00,-8.3568,1.6,-3.9,-0.5,486.5,48.9,26.3,880.3
2018/11/15 11:15,-11.8925,1.6,-3.7,-0.4,486.5,47.5,19.5,880.4
2018/11/15 11:30,-11.8629,1.5,-3.5,-0.1,530.5,46.1,15.8,880.5
2018/11/15 11:45,-13.0476,1.5,-3.4,0.1,530.5,45,13.6,880.5
2018/11/15 12:00,-15.1833,1.5,-3.2,0.3,559.7,44,12.1,880.5
2018/11/15 12:15,-11.9776,1.5,-3.1,0.4,559.7,43.1,11,880.5
2018/11/15 12:30,-14.8384,1.5,-3,0.6,573.7,42.2,10.2,880.4
2018/11/15 12:45,-14.9664,1.5,-2.8,0.7,573.7,41.6,9.7,880.4
2018/11/15 13:00,-14.7097,1.5,-2.7,0.8,571.9,41.3,9.4,880.4
2018/11/15 13:15,-14.3833,1.5,-2.5,0.9,571.9,41.1,9.3,880.3
2018/11/15 13:30,-13.9704,1.5,-2.4,0.9,554,41.1,9.3,880.3
2018/11/15 13:45,-13.505,1.5,-2.3,0.9,554,41.1,9.3,880.3
2018/11/15 14:00,-12.9211,1.5,-2.3,0.8,520.7,41.2,9.4,880.3
2018/11/15 14:15,-12.2677,1.5,-2.2,0.8,520.7,41.3,9.4,880.3
2018/11/15 14:30,-11.5514,1.5,-2.2,0.6,472.7,41.5,9.4,880.3
2018/11/15 14:45,-10.6974,1.5,-2.2,0.6,472.7,41.7,9.5,880.3
2018/11/15 15:00,-9.748,1.5,-2.3,0.2,411.2,42,9.7,880.3
2018/11/15 15:15,-8.6757,1.5,-2.3,0.2,411.2,42.2,10,880.3
2018/11/15 15:30,-7.508,1.5,-2.5,-0.3,337.6,42.7,10.3,880.4
2018/11/15 15:45,-6.2796,1.5,-2.5,-0.4,337.6,43,10.5,880.4
2018/11/15 16:00,-4.9616,1.5,-2.8,-0.9,253.9,43.7,10.8,880.5
2018/11/15 16:15,-3.6445,1.5,-2.9,-1,253.9,43.9,11.1,880.5
2018/11/15 16:30,-2.2473,1.5,-3.1,-1.6,163.3,44.7,11.4,880.6
2018/11/15 16:45,-0.8828,1.5,-3.3,-1.8,163.3,45,11.7,880.6
2018/11/16 7:45,-2.4821,1.5,-11,-9.2,0,82.8,11.7,883
2018/11/16 8:00,-3.4821,1.5,-10.8,-9,19.6,82.6,11.8,883
2018/11/16 8:15,-4.4821,1.2,-11.9,-12.5,20,70.9,9.6,881.7
2018/11/16 8:30,-5.7779,1.2,-11.3,-11.6,107,64.4,9.6,881.8
2018/11/16 8:45,-6.9715,1.2,-11.1,-11.3,107,63.3,9.6,881.8
2018/11/16 9:00,-8.1562,1.1,-10.6,-10.2,201.3,59.7,9.6,881.8
2018/11/16 9:15,-9.0775,1.2,-10.3,-9.8,201.3,58.6,9.5,881.8
2018/11/16 9:30,-10.0802,1.2,-9.7,-8.8,291.2,56.6,9.4,881.7
2018/11/16 9:45,-10.9993,1.2,-9.4,-8.4,291.2,55.4,9.3,881.6
2018/11/16 10:00,-11.6217,1.2,-8.8,-7.4,372.6,53.6,9,881.4
2018/11/16 10:15,-12.2558,1.2,-8.4,-6.9,372.6,52.2,8.7,881.2
2018/11/16 10:30,-12.8116,1.2,-7.8,-6,443,50.5,8.7,881.1
2018/11/16 10:45,-13.5368,1.2,-7.2,-5.5,443,49.3,8.7,881.1
2018/11/16 11:00,-13.9667,1.2,-6.6,-4.7,500.3,47.3,8.8,881.2
2018/11/16 11:15,-14.293,1.2,-6.1,-4.2,500.3,46.1,8.7,881.1
2018/11/16 11:30,-14.4988,1.3,-5.6,-3.5,543.3,44.6,8.5,880.8
2018/11/16 11:45,-14.6164,1.3,-5.2,-3.1,543.3,43.6,8.4,880.6
2018/11/16 12:00,-14.848,1.3,-4.7,-2.5,571.6,42.5,8.1,880.5
2018/11/16 12:15,-14.871,1.3,-4.3,-2.1,571.6,41.8,7.9,880.3
2018/11/16 12:30,-14.6838,1.3,-3.9,-1.7,584.3,41.2,7.8,880.1
2018/11/16 12:45,-14.518,1.3,-3.6,-1.4,584.3,40.9,7.6,879.9
2018/11/16 13:00,-14.2701,1.4,-3.3,-1.1,581.2,40.7,7.5,879.6
2018/11/16 13:15,-13.9445,1.4,-3,-0.8,581.2,40.6,7.5,879.4
2018/11/16 13:30,-13.4531,1.4,-2.7,-0.7,562,40.6,7.5,879.2
2018/11/16 13:45,-12.9226,1.4,-2.5,-0.5,562,40.5,7.5,878.9
2018/11/16 14:00,-12.3698,1.5,-2.3,-0.5,527.3,40.7,7.6,878.7
2018/11/16 14:15,-11.7874,1.5,-2,-0.3,527.3,40.8,7.7,878.6
2018/11/16 14:30,-11.1251,1.5,-1.9,-0.4,477.7,41.2,7.8,878.5
2018/11/16 14:45,-10.3577,1.6,-1.7,-0.3,477.7,41.2,7.9,878.3
2018/11/16 15:00,-9.3528,1.6,-1.6,-0.5,414.6,41.8,8.1,878.2
2018/11/16 15:15,-8.3079,1.6,-1.5,-0.4,414.6,42,8.3,878.1
2018/11/16 15:30,-7.172,1.6,-1.5,-0.8,339.5,42.8,8.6,878
2018/11/16 15:45,-5.9843,1.7,-1.5,-0.8,339.5,43,8.9,877.9
2018/11/16 16:00,-4.5199,1.7,-1.6,-1.4,254.5,44.3,9.2,877.9
2018/11/16 16:15,-3.3018,1.7,-1.6,-1.4,254.5,44.7,9.5,877.8
2018/11/16 16:30,-2.0157,1.7,-1.8,-2.1,162.5,46.5,9.6,877.8
2018/11/16 16:45,-0.0628,1.8,-1.9,-2.3,162.5,47.5,9.7,877.9
2018/11/17 7:45,-0.4684,1.9,-8.4,-9.2,0,82.2,7.9,876
2018/11/17 8:00,-0.8813,1.9,-8.5,-9.3,16.9,82.2,8,876
2018/11/17 8:15,-1.1958,1.9,-7.4,-7.2,16.8,75.9,11.7,874.7
2018/11/17 8:30,-2.6092,1.9,-6.7,-6.4,100.6,72.1,8.9,874.7
2018/11/17 8:45,-4.0196,1.8,-6.4,-6,100.6,69,7.7,874.7
2018/11/17 9:00,-7.9846,1.8,-5.8,-5,192.9,62.9,7.2,874.8
2018/11/17 9:15,-8.6676,1.8,-5.4,-4.6,192.9,61.3,7,874.7
2018/11/17 9:30,-9.8804,1.8,-4.7,-3.7,281.3,58.2,6.8,874.7
2018/11/17 9:45,-10.4776,1.8,-4.3,-3.2,281.3,56.6,6.8,874.6
2018/11/17 10:00,-6.6873,1.8,-3.6,-2.3,361.4,53.7,6.7,874.4
2018/11/17 10:15,-6.4335,1.8,-3.1,-1.9,361.4,51,6.8,874.3
2018/11/17 10:30,-6.2973,1.7,-2.5,-1.2,431,47.5,6.9,874.3
2018/11/17 10:45,-7.6271,1.7,-2.2,-0.9,431,45.7,7.1,874.2
2018/11/17 11:00,-8.6343,1.7,-1.9,-0.4,487.9,44.3,7.5,874.1
2018/11/17 11:15,-8.6269,1.7,-1.7,-0.2,487.9,43.4,8,874
2018/11/17 11:30,-14.8318,1.7,-1.4,0.2,531.2,42.3,8.5,873.8
2018/11/17 11:45,-11.8762,1.7,-1.1,0.5,531.2,41.3,9.2,873.5
2018/11/17 12:00,-12.7731,1.6,-0.8,0.8,558.7,40,10,873.3
2018/11/17 12:15,-7.2149,1.6,-0.5,1,558.7,39.1,10.8,873.2
2018/11/17 12:30,-7.0233,1.6,-0.3,1.3,571.4,38.6,11.8,873.1
2018/11/17 12:45,-10.5664,1.7,-0.1,1.5,571.4,38.4,12.7,873.1
2018/11/17 13:00,-7.2371,1.7,0.1,1.6,568.4,38.3,13.7,873
2018/11/17 13:15,-12.4393,1.7,0.2,1.7,568.4,38.2,14.8,873
2018/11/17 13:30,-13.5634,1.7,0.3,1.7,549.5,38.3,15.9,872.9
2018/11/17 13:45,-12.873,1.7,0.4,1.8,549.5,38.2,17,872.8
2018/11/17 14:00,-11.9791,1.7,0.5,1.7,515.3,38.3,18.3,872.8
2018/11/17 14:15,-11.3552,1.7,0.6,1.8,515.3,38.4,19.5,872.8
2018/11/17 14:30,-10.5605,1.8,0.6,1.6,466.4,38.8,20.8,872.7
2018/11/17 14:45,-9.8471,1.8,0.7,1.7,466.4,39.1,22,872.7
2018/11/17 15:00,-8.9369,1.8,0.6,1.4,403.9,39.8,23.1,872.7
2018/11/17 15:15,-8.0652,1.8,0.7,1.4,403.9,40.2,24.1,872.6
2018/11/17 15:30,-6.7406,1.9,0.6,1,329.8,41.1,25,872.6
2018/11/17 15:45,-5.2776,1.9,0.6,1,329.8,41.6,25.8,872.5
2018/11/17 16:00,-4.3082,1.9,0.4,0.5,246.1,42.7,26.6,872.4
2018/11/17 16:15,-2.9185,1.9,0.4,0.4,246.1,43.2,27.4,872.4
2018/11/17 16:30,-1.5273,2,0.1,-0.2,155.9,44.9,28.3,872.3
2018/11/17 16:45,-0.4713,2,0,-0.4,155.9,45.8,29.3,872.3
2018/11/18 7:45,-1.124,1.8,-7.7,-7.2,0,73.6,42.9,872.7
2018/11/18 8:00,-2.5019,1.8,-7.7,-7.1,14.1,73.7,42.7,872.8
2018/11/18 8:15,-3.9234,1.6,-8.2,-7.6,14.2,70,59.7,873.5
2018/11/18 8:30,-5.228,1.6,-7.8,-6.9,95.2,67.2,61.6,873.5
2018/11/18 8:45,-6.4409,1.6,-7.6,-6.7,95.2,66.5,59.6,873.5
2018/11/18 9:00,-7.6308,1.6,-7.2,-5.9,185.6,64.5,53.5,873.6
2018/11/18 9:15,-8.6794,1.7,-6.9,-5.7,185.6,63.8,47.1,873.6
2018/11/18 9:30,-9.7073,1.7,-6.5,-5,272.5,62.4,44.1,873.6
2018/11/18 9:45,-10.5324,1.7,-6.3,-4.7,272.5,61.9,44.4,873.5
2018/11/18 10:00,-11.3486,1.7,-5.9,-4.1,351.2,60.6,46.5,873.5
2018/11/18 10:15,-12.0279,1.7,-5.6,-3.8,351.2,59.8,48.6,873.4
2018/11/18 10:30,-12.6828,1.7,-5.2,-3.2,419.3,58.5,49.8,873.4
2018/11/18 10:45,-12.9551,1.7,-4.9,-2.9,419.3,57.6,49.5,873.3
2018/11/18 11:00,-13.2926,1.8,-4.5,-2.4,475.1,56.4,47.4,873.3
2018/11/18 11:15,-12.6244,1.8,-4.3,-2.2,475.1,55.3,43.7,873.3
2018/11/18 11:30,-13.4702,1.8,-4,-1.7,517.1,54.2,37.8,873.3
2018/11/18 11:45,-14.037,1.8,-3.7,-1.5,517.1,53.4,31.2,873.2
2018/11/18 12:00,-14.0222,1.8,-3.5,-1.2,544.8,52.5,24.9,873.2
2018/11/18 12:15,-13.835,1.8,-3.3,-1,544.8,51.7,19.7,873.1
2018/11/18 12:30,-13.929,1.8,-3.1,-0.8,557.7,51,16,873
2018/11/18 12:45,-13.6936,1.8,-2.9,-0.6,557.7,50.4,13.6,872.9
2018/11/18 13:00,-13.539,1.8,-2.8,-0.5,555.3,49.9,12,872.9
2018/11/18 13:15,-13.1742,1.8,-2.6,-0.4,555.3,49.4,10.9,872.8
2018/11/18 13:30,-12.7087,1.8,-2.5,-0.4,537.4,49,10.1,872.8
2018/11/18 13:45,-12.298,1.8,-2.4,-0.3,537.4,48.7,9.6,872.7
2018/11/18 14:00,-3.9693,1.8,-2.4,-0.4,504.5,48.5,9.1,872.7
2018/11/18 14:15,-10.0003,1.8,-2.4,-0.4,504.5,48.3,8.7,872.7
2018/11/18 14:30,-10.1964,1.8,-2.4,-0.6,457,48.2,8.5,872.6
2018/11/18 14:45,-9.5445,1.8,-2.3,-0.5,457,47.9,8.3,872.6
2018/11/18 15:00,-8.5336,1.8,-2.4,-0.8,396.1,47.8,8.5,872.6
2018/11/18 15:15,-7.4443,1.7,-2.3,-0.8,396.1,47.5,8.8,872.6
2018/11/18 15:30,-6.3062,1.7,-2.4,-1.2,323.6,47.6,9.3,872.6
2018/11/18 15:45,-5.2983,1.7,-2.4,-1.3,323.6,47.4,9.9,872.7
2018/11/18 16:00,-3.9671,1.7,-2.6,-1.7,241.1,47.7,10.5,872.8
2018/11/18 16:15,-2.8926,1.7,-2.6,-1.8,241.1,47.7,11.2,872.8
2018/11/18 16:30,-1.4992,1.7,-2.9,-2.4,151.7,48.5,11.9,872.9
2018/11/18 16:45,-0.4203,1.7,-3,-2.5,151.7,48.8,12.6,872.9
2018/11/19 7:45,-0.1087,1.9,-8.4,-8.4,0,81,58.6,871.8
2018/11/19 8:00,-0.512,1.9,-8.3,-8.3,12,80.3,55.4,871.7
2018/11/19 8:15,-0.4987,1.9,-8,-8.9,9.2,79.4,35,870.9
2018/11/19 8:30,-3.4883,1.9,-7.6,-8.3,92.3,79,35.3,870.8
2018/11/19 8:45,-5.5914,2,-7.4,-8.1,92.3,78.6,36.3,870.7
2018/11/19 9:00,-6.708,1.8,-6.2,-6.5,165.1,65.1,37.7,870.8
2018/11/19 9:15,-7.5479,1.8,-5.7,-5.9,165.1,62.2,38.8,870.7
2018/11/19 9:30,-8.7453,1.8,-4.9,-4.7,259.4,59.8,39.4,870.6
2018/11/19 9:45,-9.4364,1.9,-4.3,-4.1,259.4,59.3,39.5,870.5
2018/11/19 10:00,-10.2127,1.9,-3.6,-3.2,347.8,58.1,39,870.5
2018/11/19 10:15,-10.8062,2,-3.1,-2.7,347.8,57.7,38.3,870.4
2018/11/19 10:30,-11.2213,2.1,-2.4,-1.7,416.8,56.7,37.9,870.4
2018/11/19 10:45,-7.3089,2.1,-1.9,-1.2,416.8,55.8,38.2,870.3
2018/11/19 11:00,-12.3468,2.2,-1.2,-0.4,472.8,54.4,39.2,870.2
2018/11/19 11:15,-12.5681,2.2,-0.8,0,472.8,53.5,40.9,870.1
2018/11/19 11:30,-12.85,2.3,-0.3,0.6,515,52.7,43.3,869.9
2018/11/19 11:45,-13.6256,2.3,0.1,0.9,515,52.3,46,869.7
2018/11/19 12:00,-13.6433,2.3,0.4,1.3,542.6,51.9,48.5,869.6
2018/11/19 12:15,-13.2652,2.4,0.6,1.5,542.6,51.5,50.1,869.4
2018/11/19 12:30,-13.2719,2.4,0.8,1.8,554.6,51,50.6,869.3
2018/11/19 12:45,-13.277,2.4,0.9,2,554.6,50.7,50.5,869.3
2018/11/19 13:00,-13.035,2.4,1.1,2.2,550.5,50.6,50.6,869.2
2018/11/19 13:15,-12.9588,2.4,1.3,2.4,550.5,50.2,51,869.1
2018/11/19 13:30,-12.5318,2.4,1.4,2.5,531.6,49.7,51.3,869
2018/11/19 13:45,-12.1744,2.4,1.7,2.7,531.6,48.9,51.1,868.9
2018/11/19 14:00,-10.5568,2.4,1.8,2.7,498.2,48.3,50.9,868.8
2018/11/19 14:15,-11.3626,2.4,2,2.9,498.2,47.5,50.8,868.7
2018/11/19 14:30,-9.5385,2.4,2,2.7,450.8,47.1,51.1,868.7
2018/11/19 14:45,-9.58,2.4,2.1,2.7,450.8,46.7,51.5,868.7
2018/11/19 15:00,-2.5692,2.4,1.9,2.4,390.1,46.9,51.5,868.7
2018/11/19 15:15,-6.3484,2.4,1.9,2.4,390.1,46.9,50.9,868.7
2018/11/19 15:30,-2.6839,2.4,1.8,1.9,317.5,47.7,49.9,868.8
2018/11/19 15:45,-3.9486,2.4,1.7,1.8,317.5,48.1,48.7,868.8
2018/11/19 16:00,-3.7473,2.4,1.5,1.3,235.1,49.4,47.8,868.8
2018/11/19 16:15,-2.288,2.4,1.4,1.1,235.1,50,47.3,868.8
2018/11/19 16:30,-1.215,2.5,1,0.4,146.4,52.3,47.3,868.8
2018/11/19 16:45,-0.1709,2.5,0.8,0.2,146.4,54.9,47.6,868.8
2018/11/20 7:45,-0.6926,2,-8.6,-9.4,0,88.4,44.7,872.4
2018/11/20 8:00,-1.4999,2,-8.6,-9.4,10.1,88.4,43.2,872.5
2018/11/20 8:15,-3.1679,2,-8.7,-8,10.1,86.3,21.8,873.5
2018/11/20 8:30,-4.3622,2,-8.1,-7.3,88.8,85.7,21.1,873.6
2018/11/20 8:45,-3.9308,2,-7.9,-7,88.8,85.5,20.2,873.7
2018/11/20 9:00,-1.4674,1.8,-7.5,-6,178.3,73.9,19.2,873.8
2018/11/20 9:15,-2.2525,1.8,-7.2,-5.6,178.3,72.6,18.1,873.8
2018/11/20 9:30,-9.0938,1.8,-6.7,-4.6,264.8,68.5,17.4,873.8
2018/11/20 9:45,-9.8375,1.8,-6.3,-4.2,264.8,65.9,17.1,873.9
2018/11/20 10:00,-10.4843,1.8,-5.8,-3.3,343.4,62.6,17.2,874.1
2018/11/20 10:15,-10.8202,1.7,-5.5,-3,343.4,60.2,17.3,874.2
2018/11/20 10:30,-11.7112,1.7,-5.1,-2.3,411.4,58.2,17.4,874.3
2018/11/20 10:45,-12.261,1.7,-4.8,-2,411.4,56.8,17.7,874.4
2018/11/20 11:00,-12.5888,1.7,-4.5,-1.4,467.2,55.2,18.2,874.5
2018/11/20 11:15,-13.112,1.7,-4.2,-1.1,467.2,53.9,18.6,874.5
2018/11/20 11:30,-13.263,1.7,-3.9,-0.7,509.3,52.5,18.9,874.5
2018/11/20 11:45,-13.3296,1.7,-3.7,-0.5,509.3,51.3,19.3,874.4
2018/11/20 12:00,-10.7285,1.7,-3.4,-0.2,537,50.1,19.8,874.4
2018/11/20 12:15,-14.3485,1.7,-3.2,0,537,49.1,20.5,874.4
2018/11/20 12:30,-5.7483,1.7,-3,0.2,549.5,48.3,21.5,874.5
2018/11/20 12:45,-10.4672,1.7,-2.8,0.4,549.5,47.6,22.5,874.5
2018/11/20 13:00,-14.609,1.7,-2.7,0.5,546.2,47,23.5,874.6
2018/11/20 13:15,-12.8915,1.7,-2.5,0.6,546.2,46.4,24.6,874.6
2018/11/20 13:30,-13.1298,1.7,-2.3,0.8,520.2,45.8,25.7,874.5
2018/11/20 13:45,-12.7716,1.7,-2.1,0.9,520.2,45.1,26.8,874.5
2018/11/20 14:00,-12.2669,1.7,-1.9,0.9,461.6,44.5,27.9,874.5
2018/11/20 14:15,-11.6054,1.7,-1.7,1,461.6,43.9,29.1,874.5
2018/11/20 14:30,-10.8269,1.7,-1.7,0.7,400.8,43.7,30.3,874.5
2018/11/20 14:45,-8.194,1.7,-1.6,0.7,400.8,43.4,31.3,874.5
2018/11/20 15:00,-9.0724,1.7,-1.7,0.2,342.9,43.6,32,874.5
2018/11/20 15:15,-8.1821,1.7,-1.7,0.2,342.9,43.6,32.5,874.5
2018/11/20 15:30,-6.8775,1.7,-1.8,-0.2,285.4,43.9,33,874.5
2018/11/20 15:45,-5.7187,1.7,-1.9,-0.3,285.4,44,33.3,874.6
2018/11/20 16:00,-4.3733,1.7,-2.1,-0.9,202.1,44.6,33.5,874.7
2018/11/20 16:15,-3.1146,1.7,-2.1,-1,202.1,44.8,33.9,874.8
2018/11/20 16:30,-1.6746,1.7,-2.4,-1.6,116.1,45.6,34.2,874.9
2018/11/20 16:45,-0.3655,1.7,-2.5,-1.7,116.1,45.8,34.7,875
2018/11/21 7:45,-1.3608,1.5,-10.7,-9.6,0,75.8,22.2,877.3
2018/11/21 8:00,-2.6603,1.4,-10.7,-9.6,8.5,75.1,22.9,877.3
2018/11/21 8:15,-4.0033,1.2,-12,-12.7,8.6,70.5,19.6,876.7
2018/11/21 8:30,-5.2983,1.2,-11.5,-11.9,88.9,66.4,19.2,876.6
2018/11/21 8:45,-6.4972,1.2,-11.2,-11.6,88.9,64.9,19,876.6
2018/11/21 9:00,-7.5561,1.2,-10.7,-10.6,180.1,62.4,19.3,876.6
2018/11/21 9:15,-8.544,1.2,-10.4,-10.2,180.1,61.7,20.3,876.5
2018/11/21 9:30,-9.4127,1.2,-9.8,-9.3,268,59.8,22,876.5
2018/11/21 9:45,-10.3755,1.2,-9.4,-8.8,268,58.7,24.3,876.4
2018/11/21 10:00,-11.1162,1.3,-8.8,-7.9,347.8,56.6,26.9,876.3
2018/11/21 10:15,-11.9369,1.3,-8.4,-7.4,347.8,55.3,29.2,876.4
2018/11/21 10:30,-12.5134,1.3,-7.8,-6.5,416.7,53.7,31,876.5
2018/11/21 10:45,-13.0928,1.3,-7.3,-6.1,416.7,52.5,32.2,876.4
2018/11/21 11:00,-13.4731,1.3,-6.6,-5.3,473,50.8,32.9,876.4
2018/11/21 11:15,-13.8468,1.4,-6.2,-4.8,473,49.6,33.3,876.3
2018/11/21 11:30,-14.0229,1.4,-5.7,-4.2,515.4,48.2,33.7,876.2
2018/11/21 11:45,-14.1621,1.4,-5.3,-3.9,515.4,47.6,34.2,876.1
2018/11/21 12:00,-14.2635,1.4,-5,-3.5,543,47.1,34.7,876.1
2018/11/21 12:15,-14.3226,1.4,-4.7,-3.2,543,46.8,35.3,875.9
2018/11/21 12:30,-14.1673,1.5,-4.4,-2.9,555.2,46.6,36.1,875.8
2018/11/21 12:45,-14.1199,1.5,-4.1,-2.7,555.2,46.6,37.1,875.7
2018/11/21 13:00,-13.9356,1.5,-4,-2.5,551.6,46.7,38.2,875.6
2018/11/21 13:15,-13.6996,1.5,-3.9,-2.4,551.6,46.9,39.7,875.4
2018/11/21 13:30,-13.2001,1.5,-3.8,-2.3,532.5,47.1,41.6,875.3
2018/11/21 13:45,-12.6732,1.6,-3.7,-2.2,532.5,47.3,43.7,875.2
2018/11/21 14:00,-12.1293,1.6,-3.7,-2.3,498.2,47.5,45.9,875.1
2018/11/21 14:15,-11.4048,1.6,-3.6,-2.2,498.2,47.3,48.1,875
2018/11/21 14:30,-10.6759,1.6,-3.6,-2.4,449.6,47.4,49.7,874.9
2018/11/21 14:45,-9.8027,1.6,-3.6,-2.4,449.6,47.2,50.6,874.9
2018/11/21 15:00,-8.897,1.6,-3.6,-2.7,388,47.4,50.8,874.9
2018/11/21 15:15,-7.8891,1.6,-3.6,-2.7,388,47.4,50.4,874.9
2018/11/21 15:30,-6.7946,1.6,-3.8,-3.2,314.8,47.9,49.9,874.9
2018/11/21 15:45,-5.9481,1.6,-3.9,-3.3,314.8,48.2,50,874.9
2018/11/21 16:00,-4.2757,1.6,-4.1,-3.8,231.9,49.2,50.6,874.9
2018/11/21 16:15,-3.4128,1.6,-4.2,-4,231.9,49.7,51.2,875
2018/11/21 16:30,-1.8359,1.6,-4.5,-4.6,142.5,51.2,50.7,875
2018/11/21 16:45,-0.6127,1.6,-4.6,-4.8,142.5,51.9,49.9,875
2018/11/22 7:45,-0.777,1.5,-12.2,-12.9,0,86.2,24.9,876.7
2018/11/22 8:00,-2.0076,1.5,-12.2,-12.8,6.7,86.2,24.9,876.7
2018/11/22 8:15,-3.4247,1.5,-12.1,-12.7,6.6,85.5,15.3,876
2018/11/22 8:30,-4.77,1.5,-11.4,-11.8,85.2,80.2,15.4,876
2018/11/22 8:45,-6.2729,1.4,-11.2,-11.5,85.2,77.4,15.5,876.1
2018/11/22 9:00,-7.2704,1.4,-10.6,-10.4,175.5,72.6,15.8,876.1
2018/11/22 9:15,-8.2613,1.4,-10.2,-10,175.5,71.6,15.9,876.1
2018/11/22 9:30,-9.2522,1.4,-9.7,-8.9,262.8,69.5,15.9,876.1
2018/11/22 9:45,-10.1076,1.5,-9.3,-8.4,262.8,68.3,16,876.1
2018/11/22 10:00,-10.9164,1.5,-8.7,-7.4,342.3,65.7,16,876.2
2018/11/22 10:15,-11.729,1.5,-8.3,-6.9,342.3,63.6,15.8,876.2
2018/11/22 10:30,-12.2603,1.5,-7.7,-5.9,411,61,15.5,876.2
2018/11/22 10:45,-12.7028,1.5,-7.3,-5.4,411,58.5,15.1,876.2
2018/11/22 11:00,-13.189,1.5,-6.8,-4.6,467.4,56.1,14.8,876.2
2018/11/22 11:15,-13.4813,1.4,-6.3,-4.2,467.4,53.9,14.5,876.1
2018/11/22 11:30,-13.8453,1.4,-5.9,-3.5,509.9,52.1,14.4,875.9
2018/11/22 11:45,-13.9615,1.4,-5.5,-3.1,509.9,50.9,14.3,875.8
2018/11/22 12:00,-14.0111,1.5,-5.1,-2.6,537.6,49.5,14.3,875.6
2018/11/22 12:15,-13.9697,1.5,-4.8,-2.2,537.6,48.5,14.3,875.5
2018/11/22 12:30,-13.997,1.5,-4.4,-1.9,549.9,47.5,14.4,875.5
2018/11/22 12:45,-13.7699,1.5,-4.1,-1.6,549.9,46.7,14.7,875.4
2018/11/22 13:00,-13.6233,1.5,-3.8,-1.3,546.7,46,15.3,875.3
2018/11/22 13:15,-13.3,1.5,-3.5,-1,546.7,45.4,16,875.2
2018/11/22 13:30,-13.0032,1.5,-3.2,-0.8,527.9,44.8,16.8,875.1
2018/11/22 13:45,-12.5851,1.5,-3,-0.6,527.9,44.3,18,875
2018/11/22 14:00,-12.0782,1.5,-2.8,-0.6,494,43.9,19.9,875
2018/11/22 14:15,-11.413,1.5,-2.6,-0.4,494,43.5,21.9,874.9
2018/11/22 14:30,-10.7329,1.6,-2.4,-0.5,445.6,43.4,23.2,874.9
2018/11/22 14:45,-9.8501,1.6,-2.2,-0.4,445.6,43.2,23.8,874.8
2018/11/22 15:00,-8.9169,1.6,-2.2,-0.7,384.1,43.4,24,874.7
2018/11/22 15:15,-7.8736,1.6,-2.1,-0.7,384.1,43.3,24.2,874.7
2018/11/22 15:30,-6.7732,1.6,-2.1,-1.1,310.9,43.7,24.1,874.6
2018/11/22 15:45,-5.5677,1.6,-2,-1.1,310.9,43.7,23.8,874.5
2018/11/22 16:00,-4.2638,1.6,-2.1,-1.6,228.3,44.4,23.3,874.5
2018/11/22 16:15,-2.8993,1.6,-2.1,-1.7,228.3,44.5,22.6,874.4
2018/11/22 16:30,-0.9434,1.7,-2.3,-2.4,139.3,46.2,21.8,874.3
2018/11/22 16:45,-0.1434,1.7,-2.4,-2.6,139.3,47,21,874.2
2018/11/23 7:45,-0.4269,2.6,-4.8,-5.4,0,83.2,72.7,870.2
2018/11/23 8:00,-1.1447,2.5,-4.9,-5.4,3.1,83.3,72.3,870.3
2018/11/23 8:15,-0.882,1.9,-9,-10.1,4.8,84.7,57.6,869
2018/11/23 8:30,-3.8568,2,-8.5,-9.4,81,84.5,56.2,869
2018/11/23 8:45,-4.9994,2,-8.3,-9.1,81,84.1,55,869.1
2018/11/23 9:00,-6.4453,1.8,-7.4,-8,170.1,73,54.3,869.2
2018/11/23 9:15,-7.3259,1.8,-7.2,-7.6,170.1,70.6,53.1,869.1
2018/11/23 9:30,-7.6434,1.8,-6.7,-6.6,256.6,68.8,52.3,869.1
2018/11/23 9:45,-9.0287,1.9,-6.3,-6.1,256.6,68.5,52.3,869.1
2018/11/23 10:00,-9.819,1.9,-5.8,-5.2,335.4,67.1,52.8,869.2
2018/11/23 10:15,-10.6241,1.9,-5.3,-4.7,335.4,65.9,54.9,869.2
2018/11/23 10:30,-11.0666,2,-4.8,-3.8,403.7,63.9,58.2,869.3
2018/11/23 10:45,-6.1871,2,-4.3,-3.4,403.7,62.5,60.7,869.3
2018/11/23 11:00,-6.0879,2,-3.8,-2.5,460.1,60.5,62.5,869.3
2018/11/23 11:15,-4.5835,2,-3.4,-2.1,460.1,58.9,63.3,869.3
2018/11/23 11:30,-4.5273,2,-2.9,-1.3,497.7,57,63.8,869.3
2018/11/23 11:45,-11.3175,2,-2.4,-0.8,497.7,55.2,64.7,869.4
2018/11/23 12:00,-7.9564,2,-1.9,-0.2,524,53.4,65.2,869.4
2018/11/23 12:15,-13.3333,2,-1.5,0.2,524,51.9,65.1,869.4
2018/11/23 12:30,-13.3806,2,-1.1,0.7,523.7,50.6,64.5,869.4
2018/11/23 12:45,-13.1409,2,-0.7,1,523.7,49.5,64.6,869.5
2018/11/23 13:00,-13.3984,2,-0.4,1.2,515.9,48.7,66.2,869.5
2018/11/23 13:15,-10.1646,2,-0.1,1.3,515.9,48.1,68.9,869.5
2018/11/23 13:30,-12.7502,2.1,0,1.3,458.7,48.1,70,869.5
2018/11/23 13:45,-11.5077,2.1,0.1,1.4,458.7,48.1,69.9,869.6
2018/11/23 14:00,-11.3767,2.1,0.2,1.3,423.5,48.3,66.2,869.8
2018/11/23 14:15,-10.8528,2.1,0.2,1.3,423.5,48.4,59.3,869.9
2018/11/23 14:30,-8.8955,2.1,0.1,1,431.6,48.7,57.2,870.1
2018/11/23 14:45,-9.3491,2.1,0.1,1,431.6,48.8,59.4,870.2
2018/11/23 15:00,-8.4189,2.1,-0.1,0.5,377.1,49.4,56.3,870.3
2018/11/23 15:15,-7.3126,2.1,-0.2,0.4,377.1,49.7,49,870.5
2018/11/23 15:30,-6.2145,2.1,-0.4,-0.1,304.6,50.5,43.4,870.6
2018/11/23 15:45,-4.8987,2.1,-0.5,-0.3,304.6,50.8,40,870.8
2018/11/23 16:00,-3.7014,2.1,-0.8,-0.9,222.7,51.8,36.9,870.9
2018/11/23 16:15,-2.4272,2.1,-0.9,-1.1,222.7,52.2,32.2,871.1
2018/11/23 16:30,-1.141,2.1,-1.2,-1.8,134.8,53.9,27.1,871.3
2018/11/23 16:45,-0.239,2.1,-1.4,-2,134.8,54.7,23.3,871.5
2018/11/24 7:45,-0.996,1.6,-9.5,-10.8,0,74.6,37.5,875.2
2018/11/24 8:00,-2.2118,1.6,-9.5,-10.7,3.1,74.3,35.3,875.2
2018/11/24 8:15,-3.6459,1.6,-9.6,-11,3.1,76.1,13.6,874.5
2018/11/24 8:30,-4.821,1.6,-9,-10.2,78.5,72.4,13.6,874.4
2018/11/24 8:45,-5.988,1.6,-8.7,-9.9,78.5,71.4,13.8,874.4
2018/11/24 9:00,-7.1106,1.6,-8,-8.8,167.3,67,14.3,874.5
2018/11/24 9:15,-8.0808,1.6,-7.6,-8.3,167.3,65.4,15.3,874.5
2018/11/24 9:30,-8.9295,1.6,-7,-7.2,253.3,62.9,16.7,874.6
2018/11/24 9:45,-9.7139,1.6,-6.6,-6.7,253.3,62,18.3,874.7
2018/11/24 10:00,-10.434,1.6,-5.9,-5.6,331.6,59.2,19.9,874.8
2018/11/24 10:15,-11.0777,1.7,-5.4,-5.1,331.6,57.7,21.5,874.8
2018/11/24 10:30,-11.6823,1.7,-4.7,-4.1,399.3,55.9,23.5,874.7
2018/11/24 10:45,-12.3913,1.8,-4,-3.5,399.3,54.7,26,874.7
2018/11/24 11:00,-12.8759,1.8,-3.2,-2.6,454.9,53.2,28.7,874.6
2018/11/24 11:15,-13.1749,1.9,-2.5,-2,454.9,52.6,31.3,874.4
2018/11/24 11:30,-13.3199,2,-1.8,-1.3,496.6,51.8,33.5,874.2
2018/11/24 11:45,-13.4694,2,-1.3,-0.8,496.6,51.3,35.3,874.1
2018/11/24 12:00,-13.5109,2.1,-0.7,-0.1,523.7,50.5,36.6,874.1
2018/11/24 12:15,-13.1571,2.1,-0.3,0.3,523.7,49.9,37.6,874.1
2018/11/24 12:30,-8.8555,2.1,0.2,0.8,535.6,49.3,38.3,874.2
2018/11/24 12:45,-8.8807,2.2,0.6,1.2,535.6,48.8,38.7,874.2
2018/11/24 13:00,-8.544,2.2,0.9,1.6,532.1,48.3,38.8,874.2
2018/11/24 13:15,-8.4507,2.2,1.2,1.9,532.1,47.9,38.6,874.2
2018/11/24 13:30,-6.1493,2.3,1.5,2.1,513.4,47.6,38.3,874.2
2018/11/24 13:45,-6.0006,2.3,1.8,2.4,513.4,47.4,37.8,874.2
2018/11/24 14:00,-3.6659,2.3,1.9,2.4,479.8,47.4,37.1,874.3
2018/11/24 14:15,-1.8958,2.4,2.1,2.6,479.8,47.4,36.1,874.3
2018/11/24 14:30,-3.6215,2.4,2.2,2.5,432.2,47.7,34.8,874.4
2018/11/24 14:45,-4.4,2.4,2.3,2.6,432.2,47.9,33.1,874.4
2018/11/24 15:00,-5.5092,2.5,2.3,2.3,371.6,48.6,31,874.3
2018/11/24 15:15,-4.7137,2.5,2.3,2.3,371.6,48.9,28.8,874.3
2018/11/24 15:30,-4.1306,2.5,2.2,1.9,299.7,50,26.8,874.2
2018/11/24 15:45,-3.4691,2.6,2.2,1.8,299.7,50.5,25.2,874.2
2018/11/24 16:00,-2.6447,2.6,2,1.2,218.4,52.3,24,874.2
2018/11/24 16:15,-1.8855,2.6,1.9,1.1,218.4,53.1,23.2,874.2
2018/11/24 16:30,-0.9198,2.6,1.5,0.3,131.1,54.7,22.8,874.1
2018/11/24 16:45,-0.1176,2.6,1.3,0.1,131.1,55.6,22.5,874.1
2018/11/25 7:45,-0.4521,2,-9.2,-10.5,0,90.1,12.9,875.5
2018/11/25 8:00,-1.6598,2,-9.2,-10.5,1.5,90.3,13.5,875.5
2018/11/25 8:15,-3.0672,1.8,-9.4,-10.8,1.5,85.4,11,874
2018/11/25 8:30,-4.3615,1.9,-8.8,-10.1,76,84,11,873.8
2018/11/25 8:45,-5.5847,1.9,-8.6,-9.7,76,83.3,11.1,873.8
2018/11/25 9:00,-6.6755,2,-7.7,-8.6,164.5,80.6,11.1,873.8
2018/11/25 9:15,-7.693,2,-7.3,-8,164.5,77.2,11.1,873.9
2018/11/25 9:30,-8.6357,1.9,-6.7,-6.8,250.8,71,11.2,873.9
2018/11/25 9:45,-9.6229,1.9,-6.2,-6.2,250.8,69.5,11.2,873.9
2018/11/25 10:00,-10.2896,1.9,-5.5,-5.1,329.4,66.5,11.2,874.1
2018/11/25 10:15,-10.9808,1.9,-5,-4.5,329.4,64.9,11.3,874.1
2018/11/25 10:30,-11.6105,2,-4.4,-3.5,397.7,63,11.4,874.1
2018/11/25 10:45,-11.9295,2,-3.8,-2.9,397.7,61.6,11.5,874.1
2018/11/25 11:00,-12.2425,2,-3.1,-1.9,453.7,59.6,11.6,874
2018/11/25 11:15,-12.4815,2.1,-2.5,-1.3,453.7,58,11.8,874
2018/11/25 11:30,-12.6428,2.1,-1.9,-0.5,496.2,56.5,12.1,873.9
2018/11/25 11:45,-12.7834,2.2,-1.3,0.1,496.2,55.4,12.5,873.8
2018/11/25 12:00,-12.8545,2.2,-0.7,0.8,524.1,54.1,12.9,873.7
2018/11/25 12:15,-12.8893,2.3,-0.2,1.3,524.1,53,13.3,873.6
2018/11/25 12:30,-12.8922,2.3,0.4,1.9,536.7,51.9,13.6,873.6
2018/11/25 12:45,-12.8056,2.3,1,2.4,536.7,50.9,13.9,873.4
2018/11/25 13:00,-12.6813,2.4,1.5,2.9,533.8,49.8,14.1,873.3
2018/11/25 13:15,-12.3913,2.4,2,3.3,533.8,49,14.2,873.2
2018/11/25 13:30,-12.3335,2.5,2.5,3.6,515.4,48.5,14.1,873
2018/11/25 13:45,-11.7156,2.5,2.9,3.9,515.4,48.2,14,872.9
2018/11/25 14:00,-11.188,2.6,3.3,4.1,481.7,48.2,13.8,872.8
2018/11/25 14:15,-10.4162,2.7,3.7,4.3,481.7,48.3,13.5,872.6
2018/11/25 14:30,-9.5644,2.8,4,4.2,433.5,49.1,13.1,872.4
2018/11/25 14:45,-8.9695,2.9,4.2,4.3,433.5,49.7,12.8,872.3
2018/11/25 15:00,-8.225,3,4.3,4.1,372.2,51.1,12.4,872.2
2018/11/25 15:15,-7.2068,3.1,4.3,4,372.2,52.1,11.9,872.1
2018/11/25 15:30,-6.2922,3.1,4.1,3.5,299.5,53.9,11.5,872
2018/11/25 15:45,-5.1629,3.2,4.1,3.4,299.5,54.6,11.2,872
2018/11/25 16:00,-3.8206,3.2,3.7,2.8,217.7,57.1,11.1,872
2018/11/25 16:15,-2.5685,3.3,3.5,2.6,217.7,59.3,11.1,872
2018/11/25 16:30,-1.2594,3.3,3.1,1.8,129.9,59.8,11,872
2018/11/25 16:45,-0.2742,3.2,2.9,1.5,129.9,60.7,11,871.9
2018/11/26 7:45,-0.3245,2.8,-4.3,-5.7,0,88.4,56.3,871.7
2018/11/26 8:00,-0.4744,2.8,-4.3,-5.6,0.1,88.5,67,871.9
2018/11/26 8:15,-0.6745,2.4,-4.2,-5.6,0.2,76.2,65,872.1
2018/11/26 8:30,-1.0145,2.4,-3.9,-5.1,72.3,74.2,68.8,872.4
2018/11/26 8:45,-1.6864,2.4,-3.9,-5,72.3,73.6,74.7,872.6
2018/11/26 9:00,-2.2629,2.4,-3.3,-4.2,158.4,70.8,77.9,872.8
2018/11/26 9:15,-3.3884,2.4,-3.1,-3.9,158.4,69.9,75.1,873
2018/11/26 9:30,-2.214,2.5,-2.7,-3,243.2,69.2,66.4,873.2
2018/11/26 9:45,-2.3576,2.5,-2.5,-2.7,243.2,69.3,50.9,873.3
2018/11/26 10:00,-4.0278,2.6,-2,-1.9,322.7,68.3,33.6,873.3
2018/11/26 10:15,-4.2527,2.6,-1.7,-1.6,322.7,67.6,21,873.3
2018/11/26 10:30,-5.4907,2.6,-1.4,-1,391.8,66.4,15.7,873.4
2018/11/26 10:45,-3.2027,2.6,-1.2,-0.7,391.8,66.1,14.7,873.5
2018/11/26 11:00,-4.7352,2.7,-0.9,-0.2,447.3,65.5,15.4,873.7
2018/11/26 11:15,-5.7068,2.7,-0.7,0.1,447.3,65,16.7,873.8
2018/11/26 11:30,-6.7561,2.7,-0.4,0.6,488.9,63.9,17.7,873.8
2018/11/26 11:45,-6.9944,2.7,-0.2,0.8,488.9,62.7,18.5,873.9
2018/11/26 12:00,-7.8269,2.7,0,1.2,516.3,61.2,19.1,873.9
2018/11/26 12:15,-7.2024,2.6,0.2,1.4,516.3,59.9,19.4,874
2018/11/26 12:30,-6.9767,2.6,0.4,1.6,528.5,58.7,19.4,874.1
2018/11/26 12:45,-6.6237,2.6,0.5,1.8,528.5,57.7,19.5,874.1
2018/11/26 13:00,-6.4143,2.6,0.6,1.9,525.3,57,19.6,874
2018/11/26 13:15,-6.5016,2.6,0.7,2,525.3,56.4,19.6,874
2018/11/26 13:30,-5.0482,2.6,0.8,2,507,55.9,19.5,874
2018/11/26 13:45,-4.6124,2.6,0.9,2,507,55.4,19.3,874
2018/11/26 14:00,-4.4525,2.6,0.9,1.9,474.1,55,19.1,874
2018/11/26 14:15,-4.1898,2.5,1,1.9,474.1,54.6,18.8,874
2018/11/26 14:30,-3.3669,2.5,0.8,1.6,426.9,54.6,18.3,874
2018/11/26 14:45,-3.213,2.5,0.8,1.5,426.9,54.3,17.7,873.9
2018/11/26 15:00,-2.8016,2.5,0.6,1.1,366.6,54.3,17.2,873.9
2018/11/26 15:15,-2.6018,2.4,0.6,1,366.6,53.8,16.9,873.9
2018/11/26 15:30,-1.9091,2.4,0.3,0.5,294.9,53.8,17,873.9
2018/11/26 15:45,-1.4503,2.4,0.2,0.4,294.9,53.4,17.3,873.9
2018/11/26 16:00,-1.0071,2.3,-0.1,-0.2,213.8,53.9,17.9,874
2018/11/26 16:15,-0.5431,2.3,-0.3,-0.4,213.8,53.9,18.6,874
2018/11/26 16:30,-0.1317,2.3,-0.7,-1.2,126.7,55.4,19.1,874
2018/11/26 16:45,-0.1214,2.3,-0.9,-1.4,126.7,56.3,19.5,874.1
2018/11/27 7:45,-0.2182,1.5,-10.1,-11,0,75.5,34,876
2018/11/27 8:00,-1.1684,1.6,-10.4,-11.2,0,78.8,34.9,876.1
2018/11/27 8:15,-2.0623,1.5,-10.5,-11.4,0,77.8,35.8,876.1
2018/11/27 8:30,-3.2826,1.6,-10,-10.7,72.9,76.3,36.7,876.1
2018/11/27 8:45,-5.0305,1.6,-9.8,-10.4,72.9,76,37.7,876.1
2018/11/27 9:00,-6.2137,1.4,-9,-9.4,161.7,65.3,38.9,876.1
2018/11/27 9:15,-6.967,1.4,-8.7,-8.9,161.7,62.8,40.1,876.2
2018/11/27 9:30,-8.0208,1.4,-8.1,-7.9,248,58.6,41.4,876.2
2018/11/27 9:45,-9.1878,1.4,-7.7,-7.4,248,56.7,42.7,876.2
2018/11/27 10:00,-10.1394,1.4,-7.1,-6.4,326.6,54,43.6,876.1
2018/11/27 10:15,-10.6382,1.4,-6.7,-5.9,326.6,52.4,44.3,876.1
2018/11/27 10:30,-11.2109,1.4,-6.1,-5.1,394.7,50.9,44.9,876.1
2018/11/27 10:45,-11.7031,1.4,-5.7,-4.7,394.7,50.1,45.4,876
2018/11/27 11:00,-12.1685,1.4,-5.2,-4,450.3,49.2,46.3,876
2018/11/27 11:15,-12.4675,1.5,-4.8,-3.7,450.3,48.5,47.6,875.8
2018/11/27 11:30,-12.9144,1.5,-4.4,-3.1,492.3,47.2,49.2,875.6
2018/11/27 11:45,-12.8427,1.5,-4.1,-2.8,492.3,46.7,50.6,875.4
2018/11/27 12:00,-13.0299,1.5,-3.8,-2.4,519.5,46.2,51.6,875.2
2018/11/27 12:15,-13.2363,1.5,-3.5,-2.1,519.5,45.9,52.1,875
2018/11/27 12:30,-12.9055,1.5,-3.3,-1.8,531.5,45.6,52.4,874.9
2018/11/27 12:45,-13.132,1.6,-3,-1.5,531.5,45.4,52.7,874.9
2018/11/27 13:00,-12.6702,1.6,-2.8,-1.3,527.9,45.4,53.2,874.8
2018/11/27 13:15,-12.1271,1.6,-2.6,-1.1,527.9,45.4,53.6,874.7
2018/11/27 13:30,-11.9717,1.6,-2.4,-1,509,45.6,53.9,874.7
2018/11/27 13:45,-11.6409,1.7,-2.2,-0.8,509,45.7,53.9,874.6
2018/11/27 14:00,-10.909,1.7,-2.1,-0.8,475.2,46.1,53.8,874.5
2018/11/27 14:15,-10.3881,1.7,-2,-0.6,475.2,46.2,53.5,874.5
2018/11/27 14:30,-9.5023,1.8,-1.9,-0.7,427.2,46.9,53.2,874.4
2018/11/27 14:45,-8.7105,1.8,-1.7,-0.6,427.2,46.9,52.9,874.3
2018/11/27 15:00,-7.9268,1.8,-1.7,-0.9,366.1,47.2,52.5,874.3
2018/11/27 15:15,-6.8168,1.8,-1.6,-0.8,366.1,47.2,51.9,874.2
2018/11/27 15:30,-5.7431,1.8,-1.7,-1.2,293.6,47.7,51.2,874
2018/11/27 15:45,-4.5103,1.8,-1.6,-1.2,293.6,47.9,50.1,873.9
2018/11/27 16:00,-3.3366,1.9,-1.8,-1.8,211.9,49,48.9,873.8
2018/11/27 16:15,-2.0475,1.9,-1.8,-1.9,211.9,49.6,47.7,873.7
2018/11/27 16:30,-0.8953,2,-2.1,-2.5,124.5,52.5,46.5,873.6
2018/11/27 16:45,-0.1531,2,-2.2,-2.7,124.5,54.2,45.5,873.6
2018/11/28 7:45,-0.2182,1.9,-9.2,-10.7,0,89,44,871.8
2018/11/28 8:00,-0.5668,1.9,-9.3,-10.7,0,88.9,40.5,872
2018/11/28 8:15,-1.5332,1.9,-9.3,-10.7,0,88.6,37,872.1
2018/11/28 8:30,-2.6277,2,-8.7,-10,68.5,87.3,33.5,872.3
2018/11/28 8:45,-3.8161,2,-8.4,-9.7,68.5,86.3,30.3,872.4
2018/11/28 9:00,-4.9646,2,-7.3,-8.5,155.5,81.3,27.5,872.5
2018/11/28 9:15,-6.247,2.1,-6.9,-7.8,155.5,79,25.4,872.6
2018/11/28 9:30,-7.2852,2.1,-6.1,-6.6,241,74.3,23.8,872.8
2018/11/28 9:45,-8.1629,2.1,-5.9,-6.1,241,73.6,22.7,872.9
2018/11/28 10:00,-9.0701,2.1,-5.5,-5.2,319.4,71.9,21.9,873
2018/11/28 10:15,-8.7867,2.1,-5.2,-4.8,319.4,71.3,21.5,873.1
2018/11/28 10:30,-10.4746,2.1,-4.7,-4,388,69.7,21.2,873.1
2018/11/28 10:45,-10.858,2.2,-4.3,-3.5,388,68.2,21.2,873.1
2018/11/28 11:00,-11.4433,2.2,-3.7,-2.7,444.4,66.3,21.2,873.1
2018/11/28 11:15,-12.1833,2.2,-3.3,-2.3,444.4,64.5,21.3,873.2
2018/11/28 11:30,-11.9746,2.2,-2.8,-1.6,487.1,62.3,21.5,873.1
2018/11/28 11:45,-12.4393,2.2,-2.4,-1.2,487.1,60.3,21.8,873.1
2018/11/28 12:00,-12.7864,2.2,-2,-0.7,514.9,58,22.1,873.1
2018/11/28 12:15,-13.1046,2.1,-1.7,-0.4,514.9,55.9,22.5,873.1
2018/11/28 12:30,-12.7642,2.1,-1.5,-0.1,527.5,53.9,23,873.2
2018/11/28 12:45,-12.7168,2.1,-1.3,0.1,527.5,52.4,23.6,873.3
2018/11/28 13:00,-12.3387,2,-1.1,0.2,524.9,51.3,24.2,873.4
2018/11/28 13:15,-12.2765,2,-1,0.4,524.9,50.3,24.9,873.5
2018/11/28 13:30,-11.8237,2,-0.9,0.4,506.9,49.8,25.7,873.6
2018/11/28 13:45,-11.6128,2,-0.8,0.4,506.9,49.3,26.6,873.7
2018/11/28 14:00,-10.8868,2,-0.8,0.3,473.6,49.3,27.6,873.8
2018/11/28 14:15,-10.8446,2,-0.7,0.3,473.6,49.2,28.8,873.9
2018/11/28 14:30,-7.5709,2,-0.8,0.1,425.9,49.5,30.2,874
2018/11/28 14:45,-7.7566,2,-0.8,0.1,425.9,49.3,31.7,874
2018/11/28 15:00,-7.118,2,-0.9,-0.3,365.1,49.5,33.3,874.1
2018/11/28 15:15,-3.2397,2,-0.9,-0.3,365.1,49.2,34.9,874.2
2018/11/28 15:30,-2.92,2,-1.1,-0.8,292.8,49.6,36.6,874.3
2018/11/28 15:45,-2.7513,2,-1.1,-0.9,292.8,49.6,38.4,874.4
2018/11/28 16:00,-2.806,2,-1.4,-1.5,211.1,50.7,40.1,874.6
2018/11/28 16:15,-1.9698,2,-1.6,-1.7,211.1,51.3,41.9,874.8
2018/11/28 16:30,-0.8813,2,-2,-2.4,123.3,54.1,43.7,875
2018/11/28 16:45,-0.2678,2,-2.2,-2.6,123.3,55.1,45.4,875.2
2018/11/29 7:45,-0.2634,1.8,-9.4,-9.8,0,85.5,62.5,879.6
2018/11/29 8:00,-1.5221,1.8,-9.5,-10,0,85.6,58.9,879.6
2018/11/29 8:15,-2.8682,1.8,-9.6,-10.1,0,85.4,55,879.6
2018/11/29 8:30,-4.1047,1.8,-9.2,-9.6,63,83.8,50.7,879.5
2018/11/29 8:45,-5.3087,1.8,-9.1,-9.5,63,81.3,45.9,879.5
2018/11/29 9:00,-6.4069,1.7,-8.6,-8.6,150.6,75.8,40.8,879.5
2018/11/29 9:15,-7.4429,1.7,-8.3,-8.2,150.6,74.6,35,879.4
2018/11/29 9:30,-8.3819,1.7,-7.7,-7.2,237.6,71.4,29,879.4
2018/11/29 9:45,-9.2144,1.7,-7.2,-6.8,237.6,69.4,23.9,879.4
2018/11/29 10:00,-9.93,1.8,-6.6,-5.7,315.4,67.3,20,879.3
2018/11/29 10:15,-10.6708,1.8,-6.1,-5.2,315.4,65.9,17.2,879.2
2018/11/29 10:30,-11.2435,1.8,-5.5,-4.2,383,63.7,14.9,879.1
2018/11/29 10:45,-11.7511,1.9,-4.9,-3.7,383,62.1,12.9,879
2018/11/29 11:00,-12.1974,1.9,-4.3,-2.8,438.6,60.4,11.4,878.9
2018/11/29 11:15,-12.5111,1.9,-3.8,-2.3,438.6,58.9,10.5,878.8
2018/11/29 11:30,-12.7657,1.9,-3.1,-1.5,480.7,57.1,10.1,878.6
2018/11/29 11:45,-12.8093,2,-2.6,-1,480.7,55.6,10.1,878.4
2018/11/29 12:00,-12.8271,2,-2.1,-0.4,508.4,54.2,10.2,878.2
2018/11/29 12:15,-12.833,2,-1.5,0.1,508.4,53,10.5,878.1
2018/11/29 12:30,-12.7575,2.1,-1,0.6,520.9,51.9,10.8,878
2018/11/29 12:45,-12.6451,2.1,-0.5,1,520.9,51,11.2,877.9
2018/11/29 13:00,-12.4112,2.2,0,1.3,517.9,50.3,11.6,877.8
2018/11/29 13:15,-12.0664,2.2,0.5,1.7,517.9,49.4,12,877.7
2018/11/29 13:30,-11.9206,2.2,0.9,1.9,499.5,48.8,12.5,877.6
2018/11/29 13:45,-11.5107,2.3,1.2,2.1,499.5,48.2,12.9,877.5
2018/11/29 14:00,-10.9793,2.3,1.4,2.1,466.3,48.1,13.3,877.4
2018/11/29 14:15,-10.2837,2.3,1.6,2.3,466.3,47.9,13.8,877.4
2018/11/29 14:30,-9.5622,2.3,1.7,2.2,419,48.3,14.2,877.4
2018/11/29 14:45,-8.8178,2.4,1.8,2.2,419,48.4,14.6,877.4
2018/11/29 15:00,-7.858,2.4,1.8,1.9,358.6,49,15.1,877.3
2018/11/29 15:15,-6.7828,2.4,1.8,1.9,358.6,49.2,15.6,877.3
2018/11/29 15:30,-5.7505,2.4,1.7,1.5,286.9,50.1,16.2,877.2
2018/11/29 15:45,-4.5902,2.4,1.7,1.4,286.9,50.5,16.9,877.1
2018/11/29 16:00,-3.2656,2.5,1.4,0.8,205.9,52.3,17.7,877.2
2018/11/29 16:15,-1.9905,2.5,1.3,0.7,205.9,53.3,18.5,877.2
2018/11/29 16:30,-0.8916,2.5,0.9,0,119.3,54.8,19.4,877.2
2018/11/29 16:45,-0.0769,2.5,0.7,-0.3,119.3,56.1,20.2,877.3
2018/11/30 7:45,-0.1213,1.9,-9.2,-10.6,0,86.8,39.4,876.1
2018/11/30 8:00,-1.1262,1.9,-9.3,-10.7,0,86.9,38.8,876.1
2018/11/30 8:15,-2.3717,1.9,-9.4,-10.8,0,87,38.4,876.2
2018/11/30 8:30,-3.5904,1.9,-9,-10.3,64.5,86.5,38.1,876.2
2018/11/30 8:45,-4.6841,1.9,-8.8,-10,64.5,86.3,38,876.3
2018/11/30 9:00,-5.7557,2,-7.9,-8.9,150.9,82.6,38,876.3
2018/11/30 9:15,-6.7458,2,-7.5,-8.4,150.9,78.7,38.1,876.4
2018/11/30 9:30,-7.7722,1.9,-6.8,-7.3,235.8,72.6,38.4,876.5
2018/11/30 9:45,-8.5884,1.9,-6.3,-6.7,235.8,70.4,38.7,876.6
2018/11/30 10:00,-9.6029,1.9,-5.6,-5.6,313.2,66.9,39.3,876.6
2018/11/30 10:15,-10.1505,1.9,-5,-5,313.2,64.9,40,876.7
2018/11/30 10:30,-10.9468,2,-4.3,-3.9,380.2,62.5,40.7,876.8
2018/11/30 10:45,-11.3752,2,-3.8,-3.4,380.2,61.2,41.4,876.8
2018/11/30 11:00,-11.76,2,-3.2,-2.5,435.2,59.7,42,876.7
2018/11/30 11:15,-12.2728,2.1,-2.6,-2,435.2,58.5,42.5,876.6
2018/11/30 11:30,-12.6606,2.1,-2,-1.2,476.8,56.9,43.2,876.4
2018/11/30 11:45,-12.8737,2.1,-1.5,-0.7,476.8,55.7,44.1,876.3
2018/11/30 12:00,-12.927,2.2,-1,-0.1,503.8,54.2,45.1,876.3
2018/11/30 12:15,-12.9322,2.2,-0.5,0.3,503.8,52.8,46.2,876.3
2018/11/30 12:30,-12.8974,2.2,-0.1,0.8,515.9,51.6,47.3,876.2
2018/11/30 12:45,-12.7553,2.2,0.3,1.1,515.9,50.5,48.5,876.2
2018/11/30 13:00,-12.5193,2.2,0.6,1.4,512.8,49.6,49.7,876.2
2018/11/30 13:15,-12.2077,2.2,0.9,1.7,512.8,48.8,51,876.2
2018/11/30 13:30,-11.84,2.2,1.2,1.8,494.4,48.2,52.2,876.3
2018/11/30 13:45,-11.4581,2.2,1.4,2.1,494.4,47.6,53.2,876.4
2018/11/30 14:00,-10.8728,2.3,1.5,2.1,461.1,47.2,53.5,876.5
2018/11/30 14:15,-10.3111,2.3,1.7,2.2,461.1,46.9,53.3,876.6
2018/11/30 14:30,-9.4727,2.3,1.7,2,413.9,47,52.8,876.6
2018/11/30 14:45,-8.5995,2.3,1.8,2.1,413.9,46.8,52.4,876.6
2018/11/30 15:00,-7.8195,2.3,1.7,1.8,353.8,47.3,52,876.6
2018/11/30 15:15,-6.8501,2.3,1.7,1.8,353.8,47.4,51.1,876.5
2018/11/30 15:30,-5.7956,2.3,1.6,1.3,282.5,48.3,49.9,876.6
2018/11/30 15:45,-4.6079,2.3,1.5,1.2,282.5,48.7,48.4,876.6
2018/11/30 16:00,-3.4343,2.4,1.3,0.6,202,50.5,47,876.6
2018/11/30 16:15,-2.1385,2.4,1.2,0.4,202,51.4,45.5,876.6
2018/11/30 16:30,-0.9642,2.5,0.7,-0.4,116.1,53.9,44,876.6
2018/11/30 16:45,-0.048,2.5,0.5,-0.7,116.1,55.3,42.5,876.7
2018/12/1 7:45,-0.1213,2,-8.9,-10.6,0,89.6,3.4,875.1
2018/12/1 8:00,-0.6393,2,-8.9,-10.6,0,89.6,4.3,875
2018/12/1 8:15,-1.6812,2,-8.5,-10.1,0,89.2,19.8,873.7
2018/12/1 8:30,-3.0177,2.1,-8,-9.5,61,88.8,20.7,873.6
2018/12/1 8:45,-4.1713,2.2,-7.8,-9.2,61,88.9,21.6,873.5
2018/12/1 9:00,-5.5522,2.3,-6.9,-8,145.6,87.3,22.5,873.4
2018/12/1 9:15,-6.3728,2.3,-6.4,-7.5,145.6,86.2,23.1,873.3
2018/12/1 9:30,-7.3526,2.4,-5.2,-6.1,229.4,79.9,23.4,873.3
2018/12/1 9:45,-8.228,2.4,-4.5,-5.4,229.4,77.2,23.5,873.1
2018/12/1 10:00,-8.9961,2.5,-3.6,-4.1,306.2,73.5,23.9,873.1
2018/12/1 10:15,-9.6214,2.5,-3,-3.4,306.2,72.4,24.3,873.1
2018/12/1 10:30,-10.1912,2.6,-2.2,-2.3,372.8,70.4,24.7,873
2018/12/1 10:45,-10.7277,2.7,-1.5,-1.6,372.8,69.5,25.2,873
2018/12/1 11:00,-11.0999,2.8,-0.8,-0.7,427.4,68.1,25.7,872.9
2018/12/1 11:15,-11.598,2.9,-0.3,-0.1,427.4,67.2,26.4,873
2018/12/1 11:30,-11.8969,2.9,0.3,0.6,468.5,66,27.1,872.8
2018/12/1 11:45,-12.17,3,0.8,1.1,468.5,65,27.8,872.7
2018/12/1 12:00,-12.4112,3.1,1.4,1.7,495.2,63.8,28.3,872.5
2018/12/1 12:15,-12.2928,3.1,1.8,2.2,495.2,62.8,28.8,872.3
2018/12/1 12:30,-11.9287,3.2,2.3,2.7,506.9,61.8,29.4,872.3
2018/12/1 12:45,-12.2603,3.2,2.7,3,506.9,60.8,30,872.3
2018/12/1 13:00,-11.9613,3.3,3.1,3.4,503.3,60,30.5,872.1
2018/12/1 13:15,-11.6313,3.3,3.4,3.7,503.3,59.4,30.9,872
2018/12/1 13:30,-11.2235,3.3,3.7,3.8,484.4,59,31.1,871.9
2018/12/1 13:45,-10.6108,3.4,3.9,4.1,484.4,58.5,31.3,871.8
2018/12/1 14:00,-10.1609,3.4,4.1,4.1,451,58.4,31.3,871.6
2018/12/1 14:15,-9.5467,3.4,4.3,4.3,451,58,31.1,871.5
2018/12/1 14:30,-8.8962,3.5,4.4,4.2,404.1,58.1,30.5,871.3
2018/12/1 14:45,-8.1363,3.5,4.5,4.3,404.1,57.8,29.9,871.1
2018/12/1 15:00,-7.3193,3.5,4.5,4.1,344.9,58.4,29.4,871
2018/12/1 15:15,-5.8238,3.5,4.5,4.1,344.9,58.5,29.1,870.8
2018/12/1 15:30,-5.2088,3.5,4.3,3.7,274.7,59.7,29.3,870.7
2018/12/1 15:45,-4.5006,3.6,4.3,3.7,274.7,60.3,29.6,870.7
2018/12/1 16:00,-2.2407,3.6,4,3.1,195.6,62.6,29.8,870.6
2018/12/1 16:15,-0.4328,3.7,3.8,3,195.6,64.2,29.6,870.5
2018/12/1 16:30,-0.8657,3.6,3.4,2.2,111.3,65.5,29.4,870.5
2018/12/1 16:45,-0.1065,3.7,3.1,1.8,111.3,66.9,29,870.5
2018/12/2 7:45,-0.1123,3.1,-4.7,-6.4,0,99.4,30.1,867.1
2018/12/2 8:00,-0.3263,3.1,-4.8,-6.5,0,99.5,28.5,867.1
2018/12/2 8:15,-0.979,2.8,-5.7,-7.2,0,97.4,42.1,865.8
2018/12/2 8:30,-1.7952,2.9,-5.3,-6.6,58.5,96.6,40.3,865.8
2018/12/2 8:45,-2.829,2.9,-5.1,-6.4,58.5,96.3,38.5,865.9
2018/12/2 9:00,-3.993,3,-4.2,-5.3,142.4,94.1,36.8,865.9
2018/12/2 9:15,-4.6516,3.1,-3.8,-4.8,142.4,92.8,36.2,865.9
2018/12/2 9:30,-5.3131,3.2,-2.8,-3.5,225.7,90,36.7,866.1
2018/12/2 9:45,-5.7793,3.3,-2.2,-2.9,225.7,86.9,37.1,866.3
2018/12/2 10:00,-5.974,3.2,-1.4,-1.7,301.8,81.2,37.3,866.4
2018/12/2 10:15,-5.1356,3.2,-0.9,-1,301.8,78.7,37.7,866.5
2018/12/2 10:30,-7.7241,3.2,-0.3,0,367.8,75.4,38.9,866.5
2018/12/2 10:45,-8.7046,3.3,0.2,0.6,367.8,73.2,40.4,866.5
2018/12/2 11:00,-5.4952,3.3,0.8,1.6,422.1,70.1,40.6,866.5
2018/12/2 11:15,-5.7187,3.3,1.4,2.1,422.1,67.6,40,866.5
2018/12/2 11:30,-7.1447,3.3,2.1,2.7,463.6,65,38.9,866.6
2018/12/2 11:45,-7.9165,3.3,2.5,3,463.6,62.9,38.7,866.7
2018/12/2 12:00,-6.9042,3.3,2.9,3.4,490.6,60.9,39,866.9
2018/12/2 12:15,-6.1538,3.2,3.1,3.7,490.6,59.2,41.4,867.1
2018/12/2 12:30,-5.5189,3.2,3.3,4,503.3,58.5,43.1,867.2
2018/12/2 12:45,-4.5339,3.3,3.4,4.2,503.3,59.2,45.4,867.1
2018/12/2 13:00,-3.7754,3.4,3.5,4.4,476.3,60.4,48.3,867.2
2018/12/2 13:15,-9.6347,3.5,3.6,4.5,476.3,61.3,49.3,867.3
2018/12/2 13:30,-4.2357,3.5,3.7,4.5,432.9,61.7,49.4,867.3
2018/12/2 13:45,-2.7409,3.6,3.8,4.6,432.9,61.7,48,867.4
2018/12/2 14:00,-2.5663,3.6,3.9,4.5,411.1,61.7,47.4,867.4
2018/12/2 14:15,-2.6832,3.6,3.9,4.5,411.1,61.5,49.2,867.4
2018/12/2 14:30,-2.0831,3.5,3.8,4.3,396.1,61.6,52.6,867.4
2018/12/2 14:45,-2.8601,3.5,3.7,4.3,396.1,61.7,55.8,867.5
2018/12/2 15:00,-1.645,3.5,3.5,3.8,341.2,62.4,60.1,867.6
2018/12/2 15:15,-2.3058,3.5,3.5,3.7,341.2,62.4,64.9,867.6
2018/12/2 15:30,-0.9545,3.5,3.3,3.3,264.3,62.8,72.8,867.7
2018/12/2 15:45,-0.8435,3.5,3.2,3.2,264.3,62.7,76,867.7
2018/12/2 16:00,-0.3492,3.4,3,2.7,163.2,63.5,73.8,867.7
2018/12/2 16:15,-0.3855,3.4,2.9,2.6,163.2,63.6,70.2,867.7
2018/12/2 16:30,-0.8657,3.4,2.5,2,86.5,65.8,73.8,867.6
2018/12/2 16:45,-0.1065,3.5,2.2,1.7,86.5,67.4,77.1,867.7
2018/12/3 7:45,-0.1002,1.4,-11.1,-11.6,0,77.7,71.4,875.1
2018/12/3 8:00,-0.1502,1.4,-11,-11.3,0,76.3,71.4,875.2
2018/12/3 8:15,-0.8643,1.4,-10.9,-11.2,0,75.7,71.3,875.3
2018/12/3 8:30,-1.6398,1.4,-10.6,-10.5,37.5,73.1,71.1,875.4
2018/12/3 8:45,-2.5374,1.4,-10.4,-10.3,37.5,72,70.8,875.5
2018/12/3 9:00,-3.3262,1.4,-10.1,-9.7,102,69.6,70.4,875.6
2018/12/3 9:15,-4.659,1.4,-10,-9.4,102,68.2,69.9,875.7
2018/12/3 9:30,-3.0902,1.4,-9.6,-8.7,217.3,65.4,69.1,875.7
2018/12/3 9:45,-4.8329,1.3,-9.4,-8.5,217.3,63.2,68,875.7
2018/12/3 10:00,-7.2845,1.3,-9.1,-7.8,309.8,60.6,66.7,875.7
2018/12/3 10:15,-7.8972,1.3,-8.9,-7.6,309.8,58.4,65.3,875.5
2018/12/3 10:30,-8.2746,1.3,-8.5,-6.9,377.7,55.8,64.1,875.4
2018/12/3 10:45,-7.7958,1.3,-8.3,-6.6,377.7,53.9,63.3,875.3
2018/12/3 11:00,-8.7431,1.2,-7.9,-5.9,433.7,52,62.7,875.2
2018/12/3 11:15,-8.911,1.2,-7.7,-5.6,433.7,51,62.3,875
2018/12/3 11:30,-7.2009,1.2,-7.4,-5.1,476.2,50.1,62.2,874.7
2018/12/3 11:45,-3.1087,1.3,-7.2,-4.8,476.2,49.9,62.9,874.5
2018/12/3 12:00,-3.4676,1.3,-6.9,-4.4,504,49.7,64.6,874.4
2018/12/3 12:15,-8.2739,1.3,-6.7,-4.2,504,49.7,66.4,874.3
2018/12/3 12:30,-10.1942,1.3,-6.5,-3.9,516.4,49.7,67.9,874.3
2018/12/3 12:45,-6.27,1.4,-6.3,-3.7,516.4,49.8,68.4,874.2
2018/12/3 13:00,-6.1649,1.4,-6.1,-3.4,513.2,49.9,68.1,874.2
2018/12/3 13:15,-5.5507,1.4,-5.9,-3.3,513.2,49.9,66.5,874.1
2018/12/3 13:30,-6.4402,1.4,-5.6,-3.1,494.6,50,65.3,874
2018/12/3 13:45,-5.7009,1.5,-5.4,-3,494.6,50,64.4,874
2018/12/3 14:00,-4.8514,1.5,-5.2,-2.9,456.7,50.1,63.7,873.9
2018/12/3 14:15,-3.9427,1.5,-4.9,-2.8,456.7,49.8,63.3,873.8
2018/12/3 14:30,-3.6911,1.5,-4.8,-2.9,402.5,49.5,63.3,873.8
2018/12/3 14:45,-4.841,1.5,-4.6,-2.9,402.5,48.9,63.9,873.7
2018/12/3 15:00,-2.9451,1.5,-4.5,-3.2,346.7,48.5,64.8,873.5
2018/12/3 15:15,-2.3827,1.5,-4.4,-3.2,346.7,47.3,64.2,873.4
2018/12/3 15:30,-1.1558,1.4,-4.6,-3.7,279.9,46.7,61.8,873.3
2018/12/3 15:45,-0.7621,1.4,-4.6,-3.8,279.9,45.7,58.8,873.2
2018/12/3 16:00,-0.4062,1.4,-4.8,-4.2,184.1,45.5,55.9,873.2
2018/12/3 16:15,-0.3181,1.4,-4.8,-4.3,184.1,45.3,53.3,873.1
2018/12/3 16:30,-0.0754,1.4,-5.1,-4.9,89.8,46.2,51,873
2018/12/3 16:45,-0.0354,1.4,-5.2,-5.1,89.8,46.7,48.3,873
2018/12/4 7:45,-0.3631,1.3,-12.8,-12.7,0,80.9,20,875.6
2018/12/4 8:00,-0.5831,1.3,-12.6,-12.5,0,76,20.3,875.6
2018/12/4 8:15,-1.6191,0.9,-14.4,-15.2,0,64.2,14.7,877.2
2018/12/4 8:30,-2.974,0.9,-14.1,-14.8,61.4,61.5,15.1,877.3
2018/12/4 8:45,-4.3349,0.9,-14,-14.6,61.4,60,15.7,877.3
2018/12/4 9:00,-5.5929,0.9,-13.6,-13.8,150.1,57.7,16.3,877.4
2018/12/4 9:15,-6.8316,0.9,-13.5,-13.6,150.1,56.5,16.9,877.4
2018/12/4 9:30,-7.7966,0.8,-13.1,-12.8,237.3,53.7,17.7,877.3
2018/12/4 9:45,-8.709,0.8,-12.9,-12.5,237.3,52,18.5,877.2
2018/12/4 10:00,-9.7272,0.8,-12.6,-11.8,316.8,50,19.3,877.2
2018/12/4 10:15,-10.4206,0.8,-12.4,-11.6,316.8,48.9,20.2,877.1
2018/12/4 10:30,-11.0304,0.8,-12,-10.9,385.8,47.6,21.2,877
2018/12/4 10:45,-11.6142,0.8,-11.8,-10.7,385.8,46.7,22.2,876.8
2018/12/4 11:00,-12.2077,0.8,-11.5,-10.1,442.3,45.3,23.1,876.8
2018/12/4 11:15,-12.4468,0.8,-11.3,-9.9,442.3,44.5,24,876.7
2018/12/4 11:30,-12.9026,0.8,-11,-9.4,484.9,43.6,24.9,876.6
2018/12/4 11:45,-13.206,0.8,-10.8,-9.1,484.9,43.1,25.7,876.5
2018/12/4 12:00,-13.3288,0.8,-10.5,-8.8,512.6,42.5,26.4,876.4
2018/12/4 12:15,-13.2519,0.8,-10.3,-8.5,512.6,42.2,26.9,876.3
2018/12/4 12:30,-13.1801,0.8,-10.1,-8.2,525,41.8,27.2,876.3
2018/12/4 12:45,-13.1179,0.8,-9.9,-8,525,41.5,27.4,876.3
2018/12/4 13:00,-12.8944,0.9,-9.7,-7.8,521.6,41.2,27.3,876.2
2018/12/4 13:15,-12.5037,0.9,-9.5,-7.6,521.6,40.9,27,876.1
2018/12/4 13:30,-12.0235,0.9,-9.4,-7.5,502.7,40.6,26.7,876
2018/12/4 13:45,-11.6823,0.9,-9.2,-7.4,502.7,40.3,26.5,875.9
2018/12/4 14:00,-11.3123,0.9,-9.1,-7.4,468.9,40.2,26.3,875.8
2018/12/4 14:15,-10.5227,0.9,-9,-7.3,468.9,39.9,26.3,875.7
2018/12/4 14:30,-9.9226,0.9,-8.9,-7.5,420.6,40,26.5,875.6
2018/12/4 14:45,-9.1456,0.9,-8.8,-7.4,420.6,39.9,26.9,875.6
2018/12/4 15:00,-7.9498,0.9,-8.9,-7.7,359.1,40.3,27.5,875.5
2018/12/4 15:15,-6.9197,0.9,-8.8,-7.7,359.1,40.5,27.9,875.4
2018/12/4 15:30,-6.1124,0.9,-8.9,-8.1,285.9,41.4,28.2,875.3
2018/12/4 15:45,-4.9291,0.9,-8.9,-8.1,285.9,41.5,28.3,875.3
2018/12/4 16:00,-3.5978,0.9,-9.1,-8.6,203.2,41.9,28.5,875.3
2018/12/4 16:15,-2.2732,0.9,-9,-8.7,203.2,41.8,29,875.3
2018/12/4 16:30,-1.0138,0.9,-9.3,-9.4,114.8,42.9,29.5,875.2
2018/12/4 16:45,-0.0732,0.9,-9.3,-9.5,114.8,43.3,30.1,875.1
2018/12/5 7:45,-0.0043,1.8,-9.1,-9.2,0,80.9,69.7,872.1
2018/12/5 8:00,-0.1043,1.9,-9.2,-9.3,0,85.4,69.7,872.1
2018/12/5 8:15,-0.2323,1.9,-9.2,-9.3,0,87.9,69.6,872
2018/12/5 8:30,-1.1684,1.9,-9.2,-9.1,17,88.5,69.6,872
2018/12/5 8:45,-0.7488,1.9,-9.1,-9.1,17,88.6,69.5,871.9
2018/12/5 9:00,-0.8768,1.9,-9,-8.8,43,88,69.5,871.8
2018/12/5 9:15,-1.3623,1.9,-8.9,-8.7,43,87.4,69.3,871.7
2018/12/5 9:30,-1.702,2,-8.7,-8.4,80,86.3,68.9,871.6
2018/12/5 9:45,-1.9624,2,-8.6,-8.2,80,85.3,68.3,871.5
2018/12/5 10:00,-3.2626,2,-8.2,-7.7,134.5,83.5,67.2,871.4
2018/12/5 10:15,-2.9459,2,-7.9,-7.4,134.5,81.9,65.6,871.3
2018/12/5 10:30,-3.085,2,-7.5,-6.7,211.8,79.4,64.3,871.2
2018/12/5 10:45,-3.3825,2,-7.1,-6.3,211.8,77.8,63.6,871.1
2018/12/5 11:00,-3.9323,2,-6.6,-5.6,282.1,76.1,62.8,870.9
2018/12/5 11:15,-5.2525,2.1,-6.3,-5.2,282.1,75.2,61.7,870.6
2018/12/5 11:30,-6.506,2.1,-5.8,-4.4,367.2,73.8,60.5,870.3
2018/12/5 11:45,-5.9666,2.1,-5.3,-4,367.2,73,59.3,870
2018/12/5 12:00,-5.1481,2.2,-4.8,-3.4,462.1,71.9,58.3,869.8
2018/12/5 12:15,-5.2554,2.2,-4.4,-3,462.1,70.9,57.5,869.5
2018/12/5 12:30,-4.0048,2.3,-3.9,-2.6,463.5,69.8,57.5,869.4
2018/12/5 12:45,-6.3551,2.3,-3.5,-2.3,463.5,68.7,57.7,869.2
2018/12/5 13:00,-9.5252,2.3,-3.1,-2,434.7,67,57.7,869.1
2018/12/5 13:15,-10.3437,2.3,-2.8,-1.6,434.7,64.6,57.3,868.9
2018/12/5 13:30,-11.259,2.2,-2.5,-1.6,364.5,61.7,56.3,868.7
2018/12/5 13:45,-6.1582,2.2,-2.2,-1.4,364.5,57.9,54.7,868.6
2018/12/5 14:00,-5.9614,2.1,-2.1,-1.6,298.5,55.1,51.5,868.5
2018/12/5 14:15,-3.7096,2,-2,-1.5,298.5,53.4,47.6,868.4
2018/12/5 14:30,-6.4705,2,-2,-1.4,320.4,53.3,44.6,868.3
2018/12/5 14:45,-2.5108,2.1,-2.1,-1.3,320.4,54.9,42.9,868.3
2018/12/5 15:00,-1.3312,2.1,-2.2,-1.5,293.8,57.7,41.9,868.2
2018/12/5 15:15,-1.437,2.2,-2.4,-1.6,293.8,61.4,40.6,868.2
2018/12/5 15:30,-1.7256,2.3,-2.8,-2.1,236.1,65.6,39.4,868.2
2018/12/5 15:45,-0.8176,2.4,-3,-2.2,236.1,68.4,38.3,868.2
2018/12/5 16:00,-0.8184,2.4,-3.4,-2.9,122.6,70.2,37.5,868.3
2018/12/5 16:15,-0.2338,2.4,-3.6,-3.1,122.6,70.3,37,868.3
2018/12/5 16:30,-0.2012,2.3,-3.9,-3.7,57.7,71.3,37.7,868.4
2018/12/5 16:45,-0.1243,2.3,-4,-3.8,57.7,72.3,39.8,868.5
2018/12/6 7:45,-0.4265,0.9,-15.8,-15.9,0,71.7,38.7,876.8
2018/12/6 8:00,-0.8465,0.9,-15.9,-16.1,0,71.9,38.5,876.9
2018/12/6 8:15,-2.0601,0.9,-16.1,-16.2,0,72.1,38.5,877.1
2018/12/6 8:30,-3.6881,0.9,-16,-15.9,57.7,70.9,38.7,877.2
2018/12/6 8:45,-4.7374,0.9,-16,-15.9,57.7,70.4,38.7,877.4
2018/12/6 9:00,-5.9399,0.9,-15.8,-15.3,145.3,68.4,38.6,877.5
2018/12/6 9:15,-7.0151,0.9,-15.7,-15.1,145.3,67.1,38.3,877.7
2018/12/6 9:30,-8.1052,0.8,-15.5,-14.5,231.8,64.9,37.7,877.9
2018/12/6 9:45,-9.0968,0.8,-15.4,-14.3,231.8,63.5,37,878.1
2018/12/6 10:00,-9.9974,0.8,-15.1,-13.5,303.9,61.4,36.4,878.2
2018/12/6 10:15,-10.7092,0.8,-15,-13.3,303.9,60.3,35.7,878.3
2018/12/6 10:30,-11.4588,0.8,-14.8,-12.5,346.7,58.6,35,878.4
2018/12/6 10:45,-12.005,0.8,-14.6,-12.3,346.7,57.6,34.2,878.4
2018/12/6 11:00,-12.5785,0.8,-14.4,-11.8,395.2,56.5,33.1,878.4
2018/12/6 11:15,-13.0358,0.8,-14.3,-11.6,395.2,55.9,31.8,878.4
2018/12/6 11:30,-13.3777,0.8,-14.1,-11.3,409.4,55.1,30.2,878.3
2018/12/6 11:45,-13.536,0.8,-14,-11.2,409.4,54.4,28.6,878.2
2018/12/6 12:00,-13.7166,0.8,-13.8,-11,430.3,53.4,27.1,878.2
2018/12/6 12:15,-13.7802,0.8,-13.7,-10.8,430.3,52.3,26.1,878.1
2018/12/6 12:30,-13.7506,0.8,-13.5,-10.8,416.9,51.8,25.9,878.1
2018/12/6 12:45,-13.6455,0.8,-13.4,-10.8,416.9,52.2,26.7,878.1
2018/12/6 13:00,-13.371,0.8,-13.4,-10.8,406,53.1,28,878.1
2018/12/6 13:15,-13.0617,0.8,-13.4,-10.9,406,53.1,29.3,878.2
2018/12/6 13:30,-12.7072,0.8,-13.5,-11,405.4,51.6,30.1,878.3
2018/12/6 13:45,-12.2366,0.8,-13.6,-11.1,405.4,49.6,30.4,878.4
2018/12/6 14:00,-11.5069,0.7,-13.6,-11.2,418.1,47.8,30.2,878.4
2018/12/6 14:15,-10.9734,0.7,-13.7,-11.3,418.1,46.3,29.8,878.5
2018/12/6 14:30,-10.2253,0.7,-13.9,-11.7,390.1,45.8,29.3,878.7
2018/12/6 14:45,-9.4172,0.7,-14,-11.8,390.1,45.9,28.8,878.8
2018/12/6 15:00,-8.51,0.7,-14.2,-12.3,323.7,46.8,28.4,878.9
2018/12/6 15:15,-7.3038,0.7,-14.3,-12.4,323.7,47.7,28.3,878.9
2018/12/6 15:30,-6.3625,0.7,-14.6,-12.9,225.2,48.9,28.4,879.1
2018/12/6 15:45,-5.12,0.7,-14.7,-13.1,225.2,49.3,28.4,879.2
2018/12/6 16:00,-3.862,0.7,-14.9,-13.6,139,49.9,28.5,879.3
2018/12/6 16:15,-2.3887,0.7,-15,-13.8,139,49.9,28.4,879.5
2018/12/6 16:30,-1.1218,0.7,-15.3,-14.3,71.7,50.2,28.5,879.5
2018/12/6 16:45,-0.1035,0.7,-15.4,-14.5,71.7,50.2,28.5,879.6
2018/12/7 7:45,-0.4151,0.7,-18,-17.8,0,64.9,21.9,880.2
2018/12/7 8:00,-0.7651,0.7,-18,-17.9,0,65.3,23,880.3
2018/12/7 8:15,-1.8492,0.4,-22.7,-23.1,0,60.1,11.5,882
2018/12/7 8:30,-3.3181,0.4,-22.6,-22.7,58,59.4,11.5,882.1
2018/12/7 8:45,-4.4858,0.4,-22.5,-22.6,58,59.3,11.6,882.2
2018/12/7 9:00,-5.8082,0.4,-22.2,-22,146.8,58.2,11.8,882.3
2018/12/7 9:15,-6.9256,0.4,-22.1,-21.8,146.8,58.1,12,882.4
2018/12/7 9:30,-8.0215,0.4,-21.8,-21.1,234.1,57.1,12.2,882.5
2018/12/7 9:45,-8.9081,0.4,-21.6,-20.9,234.1,56.8,12.3,882.5
2018/12/7 10:00,-9.631,0.4,-21.3,-20.2,313.9,55.9,12.5,882.5
2018/12/7 10:15,-10.3992,0.4,-21,-20,313.9,55.4,12.7,882.5
2018/12/7 10:30,-11.2191,0.5,-20.7,-19.3,383,54.5,12.9,882.4
2018/12/7 10:45,-11.7156,0.5,-20.4,-19,383,54,13.1,882.4
2018/12/7 11:00,-12.3617,0.5,-20.1,-18.5,439.5,53.2,13.3,882.4
2018/12/7 11:15,-12.7664,0.5,-19.8,-18.2,439.5,52.7,13.6,882.3
2018/12/7 11:30,-12.9448,0.5,-19.5,-17.7,482.1,52.1,13.8,882.1
2018/12/7 11:45,-12.8944,0.5,-19.2,-17.4,482.1,51.8,14,882
2018/12/7 12:00,-12.9492,0.5,-18.9,-17,509.8,51.5,14.2,881.8
2018/12/7 12:15,-13.0691,0.5,-18.7,-16.8,509.8,51.3,14.3,881.6
2018/12/7 12:30,-13.0432,0.5,-18.4,-16.5,522.1,51,14.5,881.5
2018/12/7 12:45,-12.9115,0.5,-18.2,-16.2,522.1,50.7,14.7,881.5
2018/12/7 13:00,-12.6273,0.5,-18,-16,518.7,50.4,14.8,881.4
2018/12/7 13:15,-12.4719,0.5,-17.8,-15.8,518.7,50,15,881.4
2018/12/7 13:30,-12.1404,0.5,-17.6,-15.7,499.7,49.8,15.3,881.3
2018/12/7 13:45,-11.7526,0.5,-17.4,-15.6,499.7,49.5,15.7,881.2
2018/12/7 14:00,-10.9993,0.5,-17.3,-15.6,465.6,49.4,16.1,881.2
2018/12/7 14:15,-10.5375,0.6,-17.2,-15.5,465.6,49.2,16.5,881.2
2018/12/7 14:30,-9.6792,0.6,-17.2,-15.6,417.2,49.3,16.8,881.3
2018/12/7 14:45,-8.9399,0.6,-17.1,-15.5,417.2,49.3,17.1,881.3
2018/12/7 15:00,-7.9631,0.6,-17.1,-15.8,355.5,49.6,17.3,881.3
2018/12/7 15:15,-6.9996,0.6,-17.1,-15.8,355.5,49.6,17.3,881.3
2018/12/7 15:30,-5.6905,0.6,-17.2,-16.2,282.2,50.1,17.3,881.4
2018/12/7 15:45,-4.2964,0.6,-17.1,-16.2,282.2,50.3,17.2,881.4
2018/12/7 16:00,-3.0317,0.6,-17.3,-16.7,199.4,50.9,17.2,881.4
2018/12/7 16:15,-1.7463,0.6,-17.4,-16.9,199.4,51.2,17.1,881.4
2018/12/7 16:30,-0.7592,0.6,-17.7,-17.5,111,52.1,17,881.4
2018/12/7 16:45,-0.0725,0.6,-17.8,-17.6,111,52.4,17,881.5
2018/12/8 7:45,-0.1083,0.5,-21.1,-21.8,0,66.7,7.8,883.5
2018/12/8 8:00,-0.1283,0.5,-21.1,-21.8,0,66.8,7.6,883.5
2018/12/8 8:15,-0.5483,0.5,-21.1,-21.8,0,66.9,7.4,883.5
2018/12/8 8:30,-1.7974,0.5,-20.8,-21.3,56.4,65.8,7.2,883.5
2018/12/8 8:45,-3.2019,0.5,-20.7,-21.1,56.4,65.6,6.9,883.6
2018/12/8 9:00,-4.4614,0.5,-20.2,-20.4,144.5,63.4,6.7,883.6
2018/12/8 9:15,-5.6772,0.6,-20,-20.1,144.5,62.4,6.5,883.7
2018/12/8 9:30,-6.8176,0.6,-19.5,-19.2,231.5,60.5,6.3,883.7
2018/12/8 9:45,-7.8684,0.6,-19.2,-18.9,231.5,59.6,6.2,883.7
2018/12/8 10:00,-8.7541,0.6,-18.7,-18.1,310.9,58.6,6.1,883.7
2018/12/8 10:15,-9.6828,0.6,-18.4,-17.7,310.9,58.3,6,883.7
2018/12/8 10:30,-10.5516,0.6,-18,-17,379.8,57.2,5.9,883.7
2018/12/8 10:45,-11.2716,0.6,-17.6,-16.6,379.8,56.3,5.9,883.6
2018/12/8 11:00,-11.817,0.6,-17.1,-15.8,436.2,55.1,5.9,883.6
2018/12/8 11:15,-12.3039,0.6,-16.7,-15.4,436.2,54,5.9,883.5
2018/12/8 11:30,-12.7805,0.6,-16.2,-14.8,478.9,52.7,6,883.3
2018/12/8 11:45,-13.2704,0.6,-15.8,-14.4,478.9,51.6,6.1,883.1
2018/12/8 12:00,-13.4709,0.7,-15.4,-13.8,506.9,50.5,6.2,882.9
2018/12/8 12:15,-13.6455,0.7,-15,-13.5,506.9,49.8,6.4,882.8
2018/12/8 12:30,-13.7847,0.7,-14.7,-13,519.4,49.2,6.7,882.7
2018/12/8 12:45,-13.8135,0.7,-14.4,-12.7,519.4,48.8,6.9,882.6
2018/12/8 13:00,-13.3014,0.7,-14.1,-12.4,516.1,48.1,7.2,882.6
2018/12/8 13:15,-12.9929,0.7,-13.8,-12,516.1,47.5,7.5,882.5
2018/12/8 13:30,-12.614,0.7,-13.6,-11.9,497.2,47.1,7.7,882.5
2018/12/8 13:45,-12.1463,0.7,-13.4,-11.6,497.2,46.7,7.9,882.5
2018/12/8 14:00,-11.5373,0.7,-13.3,-11.6,463.1,46.5,8.1,882.4
2018/12/8 14:15,-10.8772,0.7,-13.1,-11.4,463.1,46.2,8.2,882.4
2018/12/8 14:30,-10.115,0.7,-13,-11.5,414.7,46,8.3,882.4
2018/12/8 14:45,-9.3343,0.7,-12.9,-11.4,414.7,45.8,8.5,882.3
2018/12/8 15:00,-8.413,0.7,-12.9,-11.7,353.1,45.9,8.6,882.3
2018/12/8 15:15,-7.3888,0.7,-12.8,-11.7,353.1,45.8,8.8,882.2
2018/12/8 15:30,-6.2781,0.7,-12.9,-12.1,279.9,46.2,9,882.1
2018/12/8 15:45,-5.0911,0.7,-12.8,-12.1,279.9,46.3,9.2,882.1
2018/12/8 16:00,-3.7147,0.7,-13,-12.7,197.3,47,9.4,882
2018/12/8 16:15,-2.3102,0.7,-13,-12.8,197.3,47.2,9.6,882.1
2018/12/8 16:30,-0.9753,0.7,-13.2,-13.4,109.2,48.4,9.9,882.1
2018/12/8 16:45,-0.0695,0.8,-13.3,-13.6,109.2,48.8,10.1,882.1
2018/12/9 7:45,-0.0102,0.8,-16.9,-17.3,0,69.2,71.4,879.8
2018/12/9 8:00,-0.0702,0.8,-16.7,-17.1,0,68.3,71.3,879.7
2018/12/9 8:15,-0.1295,0.8,-16.5,-16.9,0,67.8,71.2,879.7
2018/12/9 8:30,-0.7177,0.8,-16.2,-16.4,32.3,66,71.2,879.6
2018/12/9 8:45,-1.2898,0.8,-15.9,-16.1,32.3,65.1,71.2,879.5
2018/12/9 9:00,-5.2976,0.8,-15.5,-15.3,84.8,62.4,71.2,879.5
2018/12/9 9:15,-6.3728,0.8,-15,-14.9,84.8,60.4,71.2,879.4
2018/12/9 9:30,-7.3785,0.8,-14.6,-14.1,140.2,58.6,70.9,879.4
2018/12/9 9:45,-8.5003,0.8,-14.1,-13.6,140.2,57.3,70.2,879.4
2018/12/9 10:00,-8.8156,0.8,-13.6,-12.7,201.8,55.4,69.7,879.3
2018/12/9 10:15,-9.4438,0.8,-13.1,-12.2,201.8,54.2,69.4,879.2
2018/12/9 10:30,-9.1005,0.9,-12.5,-11.3,275,52.4,69.2,879.1
2018/12/9 10:45,-8.9902,0.9,-12.1,-10.8,275,51.3,69.2,878.9
2018/12/9 11:00,-8.7297,0.9,-11.5,-9.9,353.9,50.1,69.2,878.7
2018/12/9 11:15,-8.8393,0.9,-11,-9.4,353.9,49.8,69.2,878.6
2018/12/9 11:30,-6.5985,1,-10.5,-8.7,411.4,49.7,69.3,878.3
2018/12/9 11:45,-6.3084,1,-10.1,-8.2,411.4,50.1,69.3,878.1
2018/12/9 12:00,-11.8274,1,-9.6,-7.6,444.3,50.9,69,877.9
2018/12/9 12:15,-7.6752,1.1,-9.2,-7.2,444.3,52.2,68.5,877.8
2018/12/9 12:30,-10.1372,1.2,-8.7,-6.7,461.9,53.7,67.8,877.6
2018/12/9 12:45,-5.6565,1.3,-8.3,-6.3,461.9,55.3,66.9,877.5
2018/12/9 13:00,-10.3925,1.3,-8,-6,472.9,56.9,66.1,877.3
2018/12/9 13:15,-11.3922,1.4,-7.6,-5.6,472.9,58.1,65.4,877.2
2018/12/9 13:30,-9.4076,1.5,-7.3,-5.5,444.2,59,64.9,877.1
2018/12/9 13:45,-8.6594,1.5,-7.1,-5.2,444.2,59.2,65,877
2018/12/9 14:00,-7.8255,1.5,-6.9,-5.2,385.3,59.3,65.4,877
2018/12/9 14:15,-7.7396,1.5,-6.7,-5,385.3,59.1,66.1,876.9
2018/12/9 14:30,-7.6604,1.6,-6.6,-5.3,315.1,59.1,66.7,876.9
2018/12/9 14:45,-6.9197,1.6,-6.4,-5.2,315.1,59,66.9,876.9
2018/12/9 15:00,-3.6126,1.6,-6.4,-5.5,241.4,59.4,66.8,876.8
2018/12/9 15:15,-4.3904,1.6,-6.3,-5.5,241.4,59.8,66.5,876.7
2018/12/9 15:30,-3.5505,1.6,-6.3,-5.8,182.8,60.8,66.1,876.7
2018/12/9 15:45,-2.7646,1.7,-6.3,-5.8,182.8,61.7,65.5,876.6
2018/12/9 16:00,-2.0934,1.7,-6.3,-6.1,121.9,63.4,64.7,876.6
2018/12/9 16:15,-1.3904,1.7,-6.3,-6.2,121.9,64.7,63.7,876.5
2018/12/9 16:30,-0.5734,1.8,-6.4,-6.6,64.6,66.8,62.3,876.5
2018/12/9 16:45,-0.0022,1.8,-6.5,-6.7,64.6,68.3,60.8,876.5
2018/12/10 7:45,-0.0211,2.1,-8.5,-8.5,0,90.3,33.8,877.2
2018/12/10 8:00,-0.111,2.1,-8.5,-8.5,0,90.8,33.7,877.2
2018/12/10 8:15,-0.7074,0.8,-19,-19.9,0,87.7,27.5,878.4
2018/12/10 8:30,-1.5332,0.9,-18.7,-19.4,52.4,87.3,26.9,878.3
2018/12/10 8:45,-2.4212,0.9,-18.6,-19.2,52.4,87.2,26.1,878.4
2018/12/10 9:00,-3.6215,0.8,-17.8,-18.2,138.7,78.2,25.3,878.5
2018/12/10 9:15,-4.6508,0.8,-17.7,-17.8,138.7,75.1,24.4,878.6
2018/12/10 9:30,-5.9185,0.8,-17.2,-16.7,224.6,71.8,23.5,878.6
2018/12/10 9:45,-6.8901,0.8,-16.8,-16.2,224.6,69.4,22.7,878.6
2018/12/10 10:00,-7.7226,0.8,-16.3,-15.2,303.4,67.1,21.9,878.7
2018/12/10 10:15,-8.6128,0.8,-15.9,-14.7,303.4,65.6,21.3,878.7
2018/12/10 10:30,-9.2418,0.8,-15.3,-13.8,371.9,62.8,20.6,878.7
2018/12/10 10:45,-9.7065,0.8,-14.8,-13.3,371.9,60.1,20.1,878.7
2018/12/10 11:00,-10.3104,0.8,-14.3,-12.4,428.1,57.9,19.8,878.7
2018/12/10 11:15,-10.8099,0.8,-13.8,-12,428.1,56.2,19.6,878.7
2018/12/10 11:30,-11.1569,0.8,-13.3,-11.2,470.7,53.7,19.4,878.7
2018/12/10 11:45,-11.1828,0.8,-12.9,-10.8,470.7,51.6,19.2,878.7
2018/12/10 12:00,-10.9838,0.8,-12.4,-10.2,498.7,49.7,19,878.7
2018/12/10 12:15,-11.2761,0.8,-12.1,-9.7,498.7,47.9,19,878.6
2018/12/10 12:30,-11.4122,0.8,-11.7,-9.3,511.4,46.5,19.1,878.6
2018/12/10 12:45,-11.4152,0.8,-11.4,-9,511.4,45.5,19.2,878.5
2018/12/10 13:00,-11.0985,0.8,-11.1,-8.7,508.5,44.6,19.4,878.3
2018/12/10 13:15,-10.3674,0.8,-10.9,-8.4,508.5,43.7,19.7,878.3
2018/12/10 13:30,-9.8427,0.8,-10.7,-8.3,490.1,43.1,20.1,878.2
2018/12/10 13:45,-9.9544,0.8,-10.5,-8.1,490.1,42.5,20.6,878.1
2018/12/10 14:00,-9.6,0.8,-10.3,-8.1,456.5,42.2,20.9,878
2018/12/10 14:15,-9.2018,0.8,-10.1,-8,456.5,41.8,21.3,877.9
2018/12/10 14:30,-8.6579,0.8,-10,-8.1,408.5,41.5,21.7,877.9
2018/12/10 14:45,-7.881,0.8,-9.9,-8,408.5,41.1,22.1,877.9
2018/12/10 15:00,-6.7739,0.8,-9.8,-8.3,347.4,40.8,22.6,877.9
2018/12/10 15:15,-5.4463,0.8,-9.7,-8.3,347.4,40.4,23.1,877.9
2018/12/10 15:30,-4.4214,0.8,-9.7,-8.7,274.6,40.3,23.7,877.8
2018/12/10 15:45,-3.3729,0.8,-9.6,-8.7,274.6,40,24.2,877.9
2018/12/10 16:00,-2.1289,0.8,-9.6,-9.3,192.7,40.3,24.7,877.9
2018/12/10 16:15,-1.1137,0.8,-9.6,-9.5,192.7,40.3,25.2,877.9
2018/12/10 16:30,-0.3751,0.9,-9.8,-10.3,105.4,43,25.8,877.8
2018/12/10 16:45,-0.1351,0.9,-9.9,-10.5,105.4,46.7,26.3,877.9
2018/12/11 7:45,-0.4349,0.7,-20,-20.9,0,80.4,30.6,882.6
2018/12/11 8:00,-0.6549,0.7,-20.1,-21,0,80.2,29.8,882.6
2018/12/11 8:15,-1.9128,0.6,-20.3,-21,0,70.6,33.4,882.8
2018/12/11 8:30,-3.3477,0.6,-20,-20.5,52.7,68.7,31.3,882.8
2018/12/11 8:45,-4.5917,0.6,-19.9,-20.4,52.7,68.1,29,882.8
2018/12/11 9:00,-5.8023,0.6,-19.4,-19.5,139.9,65.8,26.7,882.7
2018/12/11 9:15,-6.9537,0.6,-19.2,-19.2,139.9,65.1,24.4,882.7
2018/12/11 9:30,-8.0127,0.6,-18.7,-18.4,226.3,63,21.9,882.6
2018/12/11 9:45,-8.897,0.6,-18.4,-18,226.3,61.9,19.5,882.5
2018/12/11 10:00,-9.802,0.6,-17.9,-17.2,305.3,60.1,17.7,882.6
2018/12/11 10:15,-10.6145,0.6,-17.6,-16.8,305.3,59,16.3,882.7
2018/12/11 10:30,-11.302,0.6,-17.1,-16,374,57.5,15.3,882.7
2018/12/11 10:45,-11.8621,0.7,-16.7,-15.6,374,56.5,14.8,882.7
2018/12/11 11:00,-12.3853,0.7,-16.2,-14.9,430.2,55,14.8,882.7
2018/12/11 11:15,-12.8049,0.7,-15.9,-14.5,430.2,53.8,15,882.8
2018/12/11 11:30,-13.1068,0.7,-15.4,-13.9,472.7,52.4,15.4,882.8
2018/12/11 11:45,-13.3126,0.7,-15.1,-13.5,472.7,51.5,15.8,882.7
2018/12/11 12:00,-13.3895,0.7,-14.7,-13,500.5,50.4,16.3,882.6
2018/12/11 12:15,-13.6071,0.7,-14.3,-12.6,500.5,49.5,16.9,882.5
2018/12/11 12:30,-13.428,0.7,-14,-12.2,512.8,48.7,17.4,882.4
2018/12/11 12:45,-13.2615,0.7,-13.7,-11.9,512.8,48,17.9,882.4
2018/12/11 13:00,-12.9537,0.7,-13.4,-11.6,509.5,47.4,18.5,882.3
2018/12/11 13:15,-12.7494,0.7,-13.1,-11.4,509.5,46.9,19,882.3
2018/12/11 13:30,-12.3565,0.7,-12.8,-11.2,490.6,46.5,19.6,882.1
2018/12/11 13:45,-11.7941,0.8,-12.6,-11,490.6,46.1,20.3,882
2018/12/11 14:00,-11.3145,0.8,-12.4,-11,456.6,46,21,882
2018/12/11 14:15,-10.6878,0.8,-12.2,-10.8,456.6,45.8,21.7,881.9
2018/12/11 14:30,-9.9552,0.8,-12.1,-10.9,408.3,46,22.4,881.8
2018/12/11 14:45,-9.1456,0.8,-11.9,-10.8,408.3,46,23.1,881.8
2018/12/11 15:00,-8.2524,0.8,-11.9,-11.1,346.9,46.6,23.8,881.7
2018/12/11 15:15,-7.2031,0.8,-11.8,-11,346.9,46.8,24.4,881.7
2018/12/11 15:30,-6.0946,0.8,-11.9,-11.4,273.9,47.7,25,881.6
2018/12/11 15:45,-4.9135,0.8,-11.8,-11.5,273.9,48.1,25.5,881.6
2018/12/11 16:00,-3.7303,0.8,-12,-12,191.8,49.5,26,881.6
2018/12/11 16:15,-2.1977,0.9,-12.1,-12.1,191.8,50.3,26.5,881.6
2018/12/11 16:30,-0.9198,0.9,-12.4,-12.8,104.4,52.6,26.9,881.5
2018/12/11 16:45,-0.0517,0.9,-12.5,-13,104.4,54.1,27.2,881.5
2018/12/12 7:45,-0.1234,0.8,-18.3,-19.6,0,80.4,37.3,879.3
2018/12/12 8:00,-0.3766,0.8,-18.3,-19.6,0,80.4,38,879.2
2018/12/12 8:15,-1.6124,0.8,-18.7,-20.2,0,77.4,46.9,878.4
2018/12/12 8:30,-2.8926,0.8,-18.2,-19.5,50.1,75.6,48.4,878.3
2018/12/12 8:45,-4.2031,0.8,-18,-19.3,50.1,74.9,49.6,878.2
2018/12/12 9:00,-5.4959,0.8,-17.1,-18.1,135.3,69,50.3,878.1
2018/12/12 9:15,-6.3003,0.8,-16.7,-17.6,135.3,67.2,51,878
2018/12/12 9:30,-7.2275,0.8,-15.9,-16.4,220.1,62.2,51.6,878
2018/12/12 9:45,-8.1414,0.8,-15.4,-15.8,220.1,60.7,52.4,877.9
2018/12/12 10:00,-9.1005,0.8,-14.5,-14.7,297.7,57.6,53.5,877.8
2018/12/12 10:15,-9.8397,0.8,-13.7,-14,297.7,55.6,54.7,877.7
2018/12/12 10:30,-10.4154,0.9,-12.7,-12.8,364.9,53,55.2,877.6
2018/12/12 10:45,-11.0696,0.9,-12,-12.1,364.9,51.8,55.2,877.4
2018/12/12 11:00,-11.4855,0.9,-11.3,-11.2,419.9,50.5,54.5,877.4
2018/12/12 11:15,-11.8932,0.9,-10.8,-10.7,419.9,49.9,54,877.4
2018/12/12 11:30,-12.1596,1,-10.2,-10,461.3,48.5,53.8,877.3
2018/12/12 11:45,-12.5651,1,-9.8,-9.6,461.3,47.8,54.3,877
2018/12/12 12:00,-12.0901,1,-9.3,-9,488.3,47.1,55,876.9
2018/12/12 12:15,-8.5743,1,-8.9,-8.6,488.3,46.8,55.5,876.8
2018/12/12 12:30,-12.7316,1.1,-8.6,-8.1,500.2,46.6,55.5,876.8
2018/12/12 12:45,-12.5725,1.1,-8.2,-7.7,500.2,46.6,55.3,876.8
2018/12/12 13:00,-12.3617,1.1,-7.9,-7.4,496.7,46.6,55,876.8
2018/12/12 13:15,-11.9265,1.1,-7.6,-7.1,496.7,46.4,54.4,876.8
2018/12/12 13:30,-11.7149,1.1,-7.4,-6.9,478,46.4,53.4,876.7
2018/12/12 13:45,-11.0837,1.2,-7.1,-6.6,478,46.2,51.6,876.7
2018/12/12 14:00,-10.2697,1.2,-7,-6.6,444.5,46.3,49.7,876.6
2018/12/12 14:15,-9.9137,1.2,-6.8,-6.4,444.5,46.4,48.2,876.6
2018/12/12 14:30,-9.0642,1.2,-6.8,-6.6,396.9,46.9,46.9,876.6
2018/12/12 14:45,-8.0371,1.2,-6.7,-6.5,396.9,47.2,45.2,876.7
2018/12/12 15:00,-7.3481,1.2,-6.8,-6.8,336.6,47.9,43.2,876.7
2018/12/12 15:15,-6.2936,1.3,-6.7,-6.7,336.6,48.3,41.3,876.7
2018/12/12 15:30,-5.4197,1.3,-6.9,-7.2,265.3,49.4,40,876.8
2018/12/12 15:45,-4.2542,1.3,-6.9,-7.2,265.3,49.8,39.1,876.9
2018/12/12 16:00,-3.102,1.3,-7.3,-7.8,185.1,51.5,38.6,877
2018/12/12 16:15,-1.8418,1.3,-7.4,-8,185.1,52.3,38.3,877
2018/12/12 16:30,-0.9079,1.3,-7.9,-8.7,99.9,54.1,37.8,877.1
2018/12/12 16:45,-0.0717,1.3,-8.2,-9,99.9,54.9,37.4,877.3
2018/12/13 7:45,-0.1283,1,-17.9,-18.9,0,94.6,18.5,883.2
2018/12/13 8:00,-0.5283,1,-17.9,-19,0,94.5,18.9,883.2
2018/12/13 8:15,-1.7819,0.9,-17.8,-18.9,0,87.8,14.2,882.2
2018/12/13 8:30,-3.0576,1,-17.4,-18.4,49.3,87.2,14.6,882.3
2018/12/13 8:45,-4.3993,1,-17.3,-18.2,49.3,86.9,15.1,882.4
2018/12/13 9:00,-5.5403,1,-16.4,-17.1,134.5,82,15.8,882.5
2018/12/13 9:15,-6.6414,1,-16,-16.6,134.5,80.1,16.5,882.7
2018/12/13 9:30,-7.6197,1,-15.2,-15.4,219.5,75.1,17.2,882.7
2018/12/13 9:45,-8.5218,1,-14.8,-14.9,219.5,73.3,17.9,882.8
2018/12/13 10:00,-9.3994,1,-14.1,-13.8,297.4,70.2,18.7,882.9
2018/12/13 10:15,-10.1276,1,-13.7,-13.2,297.4,68.5,19.5,883
2018/12/13 10:30,-10.7943,1,-13.2,-12.2,365,66.3,20.3,883
2018/12/13 10:45,-11.3353,1,-12.7,-11.7,365,64.6,21.2,883
2018/12/13 11:00,-11.8592,1,-12.2,-10.8,420.4,62.7,22.2,883
2018/12/13 11:15,-12.2085,1.1,-11.8,-10.3,420.4,61.2,23.4,883
2018/12/13 11:30,-12.4638,1.1,-11.3,-9.6,462.2,59.4,24.8,883
2018/12/13 11:45,-12.5481,1.1,-10.9,-9.1,462.2,57.9,26.2,883
2018/12/13 12:00,-12.6214,1.1,-10.4,-8.5,489.4,56.4,27.7,882.9
2018/12/13 12:15,-12.6939,1.1,-10.1,-8.1,489.4,55.1,29.3,882.9
2018/12/13 12:30,-12.7427,1.1,-9.6,-7.6,501.5,53.7,31.1,882.9
2018/12/13 12:45,-12.6081,1.1,-9.3,-7.2,501.5,52.5,33,882.7
2018/12/13 13:00,-12.5119,1.1,-8.9,-6.9,498.2,51.4,35,882.6
2018/12/13 13:15,-12.1937,1.1,-8.6,-6.6,498.2,50.4,37.3,882.5
2018/12/13 13:30,-11.7963,1.1,-8.3,-6.4,479.7,49.5,39.6,882.4
2018/12/13 13:45,-11.4041,1.1,-8,-6.1,479.7,48.7,42.1,882.3
2018/12/13 14:00,-10.8876,1.1,-7.8,-6.1,446.2,48.1,44.7,882.3
2018/12/13 14:15,-10.2364,1.1,-7.6,-5.9,446.2,47.4,47.3,882.3
2018/12/13 14:30,-9.614,1.1,-7.4,-6,398.6,46.9,49.6,882.3
2018/12/13 14:45,-8.8341,1.1,-7.3,-5.8,398.6,46.3,51.8,882.3
2018/12/13 15:00,-7.9749,1.1,-7.2,-6.1,338.1,45.9,53.5,882.3
2018/12/13 15:15,-7.0129,1.1,-7.1,-6,338.1,45.4,54.7,882.3
2018/12/13 15:30,-5.9747,1.1,-7.1,-6.5,266.2,45.3,55.5,882.3
2018/12/13 15:45,-4.8921,1.1,-7.1,-6.5,266.2,45,55.6,882.3
2018/12/13 16:00,-3.6837,1.1,-7.2,-7.1,185.5,45.4,55.3,882.3
2018/12/13 16:15,-2.1785,1.1,-7.2,-7.2,185.5,45.5,54.6,882.3
2018/12/13 16:30,-1.0026,1.3,-7.4,-8.1,99.9,51.2,53.7,882.3
2018/12/13 16:45,-0.1413,1.5,-7.6,-8.4,99.9,60.3,52.4,882.3
2018/12/14 7:45,-0.1235,1.1,-15.9,-17.5,0,88,18.4,880.9
2018/12/14 8:00,-0.3729,1.1,-16,-17.5,0,88.2,19.4,880.8
2018/12/14 8:15,-1.5162,1,-16.2,-17.7,0,83.4,9.3,880.3
2018/12/14 8:30,-2.8859,1,-15.9,-17.3,48.6,83,8.3,880.3
2018/12/14 8:45,-4.0581,1.1,-15.7,-17.1,48.6,83,7.5,880.2
2018/12/14 9:00,-5.174,1.1,-15,-16,133.7,82.2,7,880.2
2018/12/14 9:15,-6.1486,1.2,-14.6,-15.5,133.7,81.9,7.2,880.1
2018/12/14 9:30,-7.0966,1.1,-13.6,-14.3,218.9,73.5,8.2,880
2018/12/14 9:45,-7.9956,1.1,-13.1,-13.6,218.9,68.2,10.2,880
2018/12/14 10:00,-8.7571,1.1,-12.4,-12.4,296.8,63.5,13.3,880
2018/12/14 10:15,-9.4305,1.1,-11.7,-11.7,296.8,61.1,17.3,879.9
2018/12/14 10:30,-10.0181,1.1,-10.9,-10.5,364.5,58.5,21.5,879.8
2018/12/14 10:45,-10.5272,1.1,-10.3,-9.8,364.5,57.4,25.2,879.9
2018/12/14 11:00,-10.9764,1.2,-9.4,-8.7,419.6,56.4,27.9,879.9
2018/12/14 11:15,-11.4011,1.2,-8.8,-8,419.6,55.5,29.8,879.9
2018/12/14 11:30,-11.5114,1.3,-7.9,-7.1,460.6,54.7,31.2,879.7
2018/12/14 11:45,-11.6416,1.3,-7.4,-6.5,460.6,53.1,33.2,879.6
2018/12/14 12:00,-11.6535,1.3,-6.8,-5.7,486.5,52.2,35.9,879.5
2018/12/14 12:15,-11.612,1.4,-6.1,-5.2,486.5,52.2,39.2,879.4
2018/12/14 12:30,-11.4899,1.5,-5.5,-4.5,496.6,51.8,42.2,879.3
2018/12/14 12:45,-11.3064,1.5,-4.8,-4,496.6,51.5,43.9,879.2
2018/12/14 13:00,-11.1066,1.6,-4.2,-3.5,491.3,51.1,44.6,879
2018/12/14 13:15,-10.9172,1.7,-3.6,-3.1,491.3,50.5,44.8,878.9
2018/12/14 13:30,-10.5316,1.7,-3.2,-2.8,471.7,50,44.9,878.8
2018/12/14 13:45,-10.0173,1.7,-2.8,-2.5,471.7,49.4,45.2,878.7
2018/12/14 14:00,-9.4793,1.8,-2.5,-2.4,438.3,49.3,46.1,878.6
2018/12/14 14:15,-8.8888,1.8,-2.3,-2.2,438.3,49.1,47.1,878.5
2018/12/14 14:30,-8.2909,1.8,-2.2,-2.4,391.4,49.4,47.9,878.4
2018/12/14 14:45,-7.6863,1.8,-2,-2.3,391.4,49.4,48.2,878.3
2018/12/14 15:00,-6.6821,1.8,-2.1,-2.5,331.8,50.1,47.9,878.3
2018/12/14 15:15,-5.8511,1.9,-2,-2.5,331.8,50.3,47,878.2
2018/12/14 15:30,-4.5991,1.9,-2.2,-2.9,261.1,51.7,45.7,878.1
2018/12/14 15:45,-3.1057,1.9,-2.2,-3,261.1,52.5,43.9,878
2018/12/14 16:00,-1.2794,2,-2.5,-3.5,182.1,54.7,41.7,877.9
2018/12/14 16:15,-0.4617,2,-2.7,-3.7,182.1,54.9,39.2,877.9
2018/12/14 16:30,-0.2353,1.9,-3.2,-4.6,97.3,56.7,36.9,877.8
2018/12/14 16:45,-0.1254,1.9,-3.5,-4.9,97.3,58,35.2,877.7
2018/12/15 7:45,-0.107,1.4,-13.3,-14.9,0,91,50.9,876
2018/12/15 8:00,-0.217,1.4,-13.4,-15,0,90.7,50.4,876
2018/12/15 8:15,-0.407,1.5,-11.7,-13,0,83.6,38.8,875.4
2018/12/15 8:30,-0.4573,1.5,-11.5,-12.7,46,83.5,39,875.3
2018/12/15 8:45,-0.532,1.5,-11.3,-12.6,46,82.5,39,875.2
2018/12/15 9:00,-0.572,1.5,-10.4,-11.6,129.7,77.1,39.1,875.2
2018/12/15 9:15,-1.1114,1.5,-10.1,-11.1,129.7,75.1,39.2,875.1
2018/12/15 9:30,-2.1341,1.5,-9.3,-10,213.5,70.4,39.3,875.1
2018/12/15 9:45,-2.6839,1.5,-8.8,-9.4,213.5,67.2,39.5,875
2018/12/15 10:00,-2.4183,1.5,-8.3,-8.5,290.6,64.9,39.9,875
2018/12/15 10:15,-5.1045,1.5,-8,-8.1,290.6,62.9,40,875.1
2018/12/15 10:30,-2.9807,1.5,-7.4,-7.3,357.5,59.8,40.4,875.1
2018/12/15 10:45,-5.732,1.5,-7.1,-6.9,357.5,57.8,41,875
2018/12/15 11:00,-5.9355,1.5,-6.6,-6.2,412.7,55.4,41.9,875
2018/12/15 11:15,-5.006,1.5,-6.2,-5.8,412.7,54.2,43.1,874.9
2018/12/15 11:30,-5.3228,1.5,-5.7,-5.2,454.2,52.9,44.9,874.9
2018/12/15 11:45,-7.5443,1.5,-5.4,-4.8,454.2,52,47.2,874.9
2018/12/15 12:00,-8.0689,1.5,-5,-4.3,481.3,50.9,49.7,874.9
2018/12/15 12:15,-7.2201,1.5,-4.6,-3.9,481.3,50.1,51.9,874.8
2018/12/15 12:30,-10.5716,1.5,-4.3,-3.6,493.5,49.4,53.5,874.8
2018/12/15 12:45,-9.2026,1.6,-4.1,-3.3,493.5,49,54.1,874.7
2018/12/15 13:00,-6.9567,1.6,-3.9,-3.1,490.5,48.8,53.8,874.5
2018/12/15 13:15,-7.2971,1.6,-3.6,-2.8,490.5,48.6,53.1,874.4
2018/12/15 13:30,-5.9584,1.6,-3.5,-2.7,472.6,48.4,51.8,874.3
2018/12/15 13:45,-6.4579,1.6,-3.3,-2.6,472.6,48.1,50.6,874.3
2018/12/15 14:00,-4.4984,1.6,-3.1,-2.6,437.1,48,50.4,874.2
2018/12/15 14:15,-4.4237,1.7,-3,-2.4,437.1,47.9,51.4,874.1
2018/12/15 14:30,-3.1309,1.7,-3,-2.6,390.1,48.2,52.8,874
2018/12/15 14:45,-3.5142,1.7,-2.9,-2.5,390.1,48.3,53.9,873.9
2018/12/15 15:00,-2.6773,1.7,-3,-2.9,333,49,54.8,873.9
2018/12/15 15:15,-1.5991,1.7,-3,-2.9,333,49.3,55.5,873.9
2018/12/15 15:30,-1.46,1.7,-3.2,-3.4,261.7,50.3,56,873.9
2018/12/15 15:45,-1.07,1.7,-3.3,-3.5,261.7,50.8,56.5,873.9
2018/12/15 16:00,-0.8399,1.8,-3.6,-4.1,181.8,52.6,56.7,873.9
2018/12/15 16:15,-1.0012,1.8,-3.7,-4.3,181.8,53.8,56.9,873.9
2018/12/15 16:30,-0.4018,1.8,-4.2,-5,97.1,55.6,56.8,873.9
2018/12/15 16:45,-0.2018,1.8,-4.5,-5.3,97.1,56.9,56.5,873.9
2018/12/16 7:45,-0.1251,1.3,-14.2,-15.2,0,91,51.6,872.7
2018/12/16 8:00,-0.1842,1.3,-14.2,-15.3,0,90.8,51.3,872.6
2018/12/16 8:15,-1.2335,1.3,-14.2,-15.3,0,90.4,51.1,872.5
2018/12/16 8:30,-2.3983,1.3,-13.9,-14.8,46.3,88.3,51.1,872.6
2018/12/16 8:45,-3.7695,1.3,-13.7,-14.6,46.3,86.9,51,872.6
2018/12/16 9:00,-4.8284,1.3,-12.9,-13.6,129.9,82.8,50.4,872.6
2018/12/16 9:15,-6.0272,1.4,-12.4,-13.1,129.9,79.9,49.3,872.6
2018/12/16 9:30,-7.1728,1.4,-11.5,-12,213.9,75.4,47.9,872.6
2018/12/16 9:45,-7.9305,1.4,-10.9,-11.4,213.9,72.9,46.5,872.5
2018/12/16 10:00,-8.7941,1.4,-10.2,-10.4,291.1,70.9,45.7,872.4
2018/12/16 10:15,-9.5985,1.4,-9.9,-10,291.1,70,45.6,872.4
2018/12/16 10:30,-10.3252,1.5,-9.3,-9.2,358.4,68.1,46,872.3
2018/12/16 10:45,-10.8661,1.5,-8.9,-8.7,358.4,66.8,46.5,872.3
2018/12/16 11:00,-11.4552,1.5,-8.4,-8,413.5,65.2,46.4,872.3
2018/12/16 11:15,-11.6424,1.5,-8.1,-7.6,413.5,64.3,45.6,872.2
2018/12/16 11:30,-11.9724,1.5,-7.7,-7,455.2,63.1,44.3,872
2018/12/16 11:45,-12.1086,1.6,-7.3,-6.6,455.2,62.2,42.4,871.9
2018/12/16 12:00,-12.2196,1.6,-6.9,-6.1,482.5,61,40.3,871.7
2018/12/16 12:15,-12.21,1.6,-6.4,-5.7,482.5,59.7,38,871.7
2018/12/16 12:30,-12.3224,1.6,-5.9,-5.2,494.7,58.1,35.6,871.6
2018/12/16 12:45,-12.3165,1.6,-5.5,-4.8,494.7,56.5,33.5,871.5
2018/12/16 13:00,-12.1507,1.6,-5.1,-4.5,491.8,55.2,31.7,871.5
2018/12/16 13:15,-11.9576,1.6,-4.8,-4.2,491.8,54.2,30.2,871.5
2018/12/16 13:30,-11.5047,1.7,-4.6,-4.1,473.7,53.4,29.1,871.4
2018/12/16 13:45,-11.0829,1.7,-4.4,-3.9,473.7,52.7,28.4,871.4
2018/12/16 14:00,-10.5782,1.7,-4.3,-3.9,440.9,52.3,27.9,871.4
2018/12/16 14:15,-9.9633,1.7,-4.1,-3.8,440.9,51.9,27.3,871.4
2018/12/16 14:30,-9.1493,1.7,-4.1,-3.9,394,51.7,26.6,871.4
2018/12/16 14:45,-8.4433,1.7,-4,-3.9,394,51.5,25.7,871.3
2018/12/16 15:00,-7.5953,1.7,-4.1,-4.1,334.2,51.8,24.8,871.3
2018/12/16 15:15,-6.6777,1.7,-4.1,-4.1,334.2,51.9,24.1,871.3
2018/12/16 15:30,-5.4426,1.7,-4.3,-4.6,263,52.8,23.7,871.2
2018/12/16 15:45,-4.4503,1.7,-4.3,-4.6,263,53.2,23.5,871.2
2018/12/16 16:00,-3.159,1.7,-4.6,-5.2,182.8,54.7,23.4,871.2
2018/12/16 16:15,-1.8292,1.7,-4.7,-5.4,182.8,55.5,23.5,871.3
2018/12/16 16:30,-0.811,1.7,-5.2,-6.1,97.7,56.8,23.7,871.4
2018/12/16 16:45,-0.0695,1.7,-5.4,-6.3,97.7,58,23.9,871.5
2018/12/17 7:45,-0.126,1.4,-12.5,-14,0,81.4,43.9,871.6
2018/12/17 8:00,-0.276,1.4,-12.5,-14,0,81.2,45.2,871.6
2018/12/17 8:15,-1.4296,1.3,-14,-15.4,0,85.9,26.1,872
2018/12/17 8:30,-2.5618,1.3,-13.6,-15,46.4,84.6,27.6,872
2018/12/17 8:45,-3.9686,1.3,-13.5,-14.8,46.4,84.5,29.1,872.1
2018/12/17 9:00,-5.1148,1.3,-12.6,-13.7,130.3,80.3,30.7,872.2
2018/12/17 9:15,-6.2544,1.4,-12.1,-13.2,130.3,78.2,32.4,872.2
2018/12/17 9:30,-7.1979,1.4,-11.1,-11.9,214.5,73,34,872.2
2018/12/17 9:45,-8.1311,1.4,-10.5,-11.3,214.5,70.8,35.7,872.1
2018/12/17 10:00,-9.0272,1.4,-9.7,-10.1,291.8,68,37.3,872.2
2018/12/17 10:15,-9.7975,1.5,-9.2,-9.5,291.8,66.6,38.9,872.1
2018/12/17 10:30,-10.4302,1.5,-8.4,-8.5,359,64.2,40.3,872.2
2018/12/17 10:45,-11.0052,1.5,-7.9,-7.9,359,62.8,41.5,872.1
2018/12/17 11:00,-11.3908,1.5,-7.4,-7.1,414,61.5,42.6,872.1
2018/12/17 11:15,-11.8584,1.6,-7,-6.6,414,60.9,43.4,872
2018/12/17 11:30,-12.1663,1.6,-6.6,-6,455.6,60.1,43.9,872
2018/12/17 11:45,-12.4475,1.6,-6.3,-5.6,455.6,59.4,44.4,871.8
2018/12/17 12:00,-12.628,1.6,-5.9,-5.1,482.7,58.5,44.8,871.6
2018/12/17 12:15,-12.7427,1.7,-5.5,-4.7,482.7,57.8,45.4,871.5
2018/12/17 12:30,-12.6732,1.7,-5.1,-4.2,494.9,56.9,46,871.4
2018/12/17 12:45,-12.5541,1.7,-4.8,-3.9,494.9,56.2,46.8,871.3
2018/12/17 13:00,-12.2521,1.7,-4.4,-3.5,491.6,55.6,47.4,871.2
2018/12/17 13:15,-12.005,1.8,-4.1,-3.2,491.6,54.9,48.1,871.2
2018/12/17 13:30,-11.6549,1.8,-3.8,-3,473.2,54.3,48.7,871
2018/12/17 13:45,-11.2635,1.8,-3.5,-2.8,473.2,53.7,49.3,870.9
2018/12/17 14:00,-10.6374,1.8,-3.3,-2.7,439.9,53.3,49.7,870.9
2018/12/17 14:15,-9.947,1.8,-3,-2.5,439.9,52.9,50.1,870.8
2018/12/17 14:30,-9.3047,1.8,-2.9,-2.6,392.7,52.8,50.2,870.7
2018/12/17 14:45,-8.5381,1.9,-2.8,-2.5,392.7,52.5,50.1,870.7
2018/12/17 15:00,-7.6908,1.9,-2.7,-2.7,332.6,52.7,49.8,870.6
2018/12/17 15:15,-6.7147,1.9,-2.6,-2.7,332.6,52.5,49.2,870.6
2018/12/17 15:30,-5.7053,1.9,-2.8,-3.1,261.3,53.3,48.5,870.5
2018/12/17 15:45,-4.5843,1.9,-2.7,-3.2,261.3,53.5,47.7,870.5
2018/12/17 16:00,-3.3447,1.9,-3,-3.8,181.3,55.2,47.1,870.5
2018/12/17 16:15,-1.9728,2,-3.1,-3.9,181.3,56.9,46.7,870.5
2018/12/17 16:30,-0.7362,2,-3.5,-4.7,96.5,58.4,46.5,870.5
2018/12/17 16:45,-0.2341,2,-3.8,-5,96.5,59.6,46.5,870.5
2018/12/18 7:45,-0.0143,1.5,-13.1,-14.4,0,92.4,18.5,871.9
2018/12/18 8:00,-0.1243,1.5,-13.2,-14.5,0,92.6,17.8,871.9
2018/12/18 8:15,-0.9494,1.4,-13.1,-14.1,0,86.2,24.1,871.9
2018/12/18 8:30,-1.9269,1.4,-12.8,-13.7,46.1,85.1,23.5,871.8
2018/12/18 8:45,-2.7505,1.4,-12.8,-13.6,46.1,85.2,22.2,871.7
2018/12/18 9:00,-2.2658,1.4,-12.1,-12.7,129.9,81.1,21,871.7
2018/12/18 9:15,-4.1336,1.4,-11.8,-12.3,129.9,79.4,20.2,871.6
2018/12/18 9:30,-6.8316,1.4,-11.3,-11.3,214.6,76.4,19.7,871.7
2018/12/18 9:45,-4.6472,1.4,-10.9,-10.8,214.6,74.8,20,871.7
2018/12/18 10:00,-3.8894,1.4,-10.2,-9.8,284.1,72,21.8,871.6
2018/12/18 10:15,-4.6153,1.5,-9.7,-9.2,284.1,69.9,23.7,871.6
2018/12/18 10:30,-6.8346,1.5,-9,-8.2,343.4,67.4,25.4,871.6
2018/12/18 10:45,-5.9999,1.5,-8.4,-7.6,343.4,65.6,28.3,871.5
2018/12/18 11:00,-4.471,1.5,-7.8,-6.7,394.2,63.8,32,871.4
2018/12/18 11:15,-5.0645,1.6,-7.3,-6.2,394.2,62.6,35.8,871.2
2018/12/18 11:30,-8.1858,1.6,-6.7,-5.4,422.9,60.8,39.1,871
2018/12/18 11:45,-6.9848,1.6,-6.1,-4.9,422.9,59.2,41.7,870.8
2018/12/18 12:00,-3.0014,1.6,-5.6,-4.2,425.7,57.6,47,870.6
2018/12/18 12:15,-2.6122,1.7,-5.1,-3.7,425.7,56.3,58.4,870.4
2018/12/18 12:30,-8.1104,1.7,-4.7,-3.3,402.2,55,68,870.2
2018/12/18 12:45,-7.6256,1.7,-4.3,-2.9,402.2,53.8,71.9,870
2018/12/18 13:00,-12.3735,1.7,-4,-2.7,368.3,52.9,74.5,869.8
2018/12/18 13:15,-8.1932,1.7,-3.7,-2.4,368.3,52.1,75.5,869.6
2018/12/18 13:30,-11.965,1.7,-3.4,-2.3,332.4,51.8,75.9,869.5
2018/12/18 13:45,-9.0694,1.8,-3.2,-2.1,332.4,51.4,75.8,869.4
2018/12/18 14:00,-10.2852,1.8,-3.1,-2.2,283.2,51.3,75.1,869.3
2018/12/18 14:15,-9.8368,1.8,-2.9,-2.1,283.2,51,73.5,869.1
2018/12/18 14:30,-7.0329,1.8,-2.8,-2.3,229.9,51.2,73.4,869
2018/12/18 14:45,-8.6831,1.8,-2.6,-2.2,229.9,51.1,73.3,868.9
2018/12/18 15:00,-7.6908,1.8,-2.5,-2.3,206.9,51.2,73.2,868.8
2018/12/18 15:15,-6.8338,1.9,-2.4,-2.2,206.9,51.1,73,868.6
2018/12/18 15:30,-5.8097,1.9,-2.3,-2.4,176,51.5,72.9,868.5
2018/12/18 15:45,-4.1314,1.9,-2.2,-2.3,176,51.5,72.8,868.5
2018/12/18 16:00,-3.1842,2,-2.3,-2.7,124.1,53.3,72.8,868.4
2018/12/18 16:15,-1.4023,2,-2.3,-2.7,124.1,54.3,72.7,868.4
2018/12/18 16:30,-0.0244,2.1,-2.5,-3.3,61.4,57.3,72.7,868.4
2018/12/18 16:45,-0.0044,2.2,-2.7,-3.5,61.4,61.7,72.6,868.3
2018/12/19 7:45,-0.0454,1.8,-11,-11.9,0,95.7,21.8,872
2018/12/19 8:00,-0.0984,1.8,-11.2,-12.1,0,96.1,22.3,872.1
2018/12/19 8:15,-1.0426,1.5,-13.4,-14.5,0,94,20.9,872.1
2018/12/19 8:30,-2.0949,1.5,-13,-14,44.5,93.1,21,872.2
2018/12/19 8:45,-3.5475,1.5,-12.8,-13.8,44.5,92.9,20.9,872.3
2018/12/19 9:00,-4.7004,1.6,-12,-12.8,126.7,89.4,20.1,872.4
2018/12/19 9:15,-5.4567,1.6,-11.6,-12.3,126.7,88.1,18.7,872.4
2018/12/19 9:30,-6.4194,1.6,-10.8,-11.1,209.7,84.4,17.2,872.5
2018/12/19 9:45,-6.9508,1.7,-10.2,-10.5,209.7,82.3,15.7,872.6
2018/12/19 10:00,-8.0297,1.7,-9.4,-9.4,286.1,79.6,14.4,872.5
2018/12/19 10:15,-8.8474,1.7,-8.9,-8.8,286.1,77.9,13.5,872.6
2018/12/19 10:30,-9.3906,1.8,-8.2,-7.8,352.8,75.8,12.8,872.6
2018/12/19 10:45,-10.2637,1.8,-7.8,-7.3,352.8,74.3,12.3,872.7
2018/12/19 11:00,-11.0726,1.8,-7.2,-6.5,407.5,72.5,11.9,872.7
2018/12/19 11:15,-11.8473,1.9,-6.8,-6,407.5,70.9,11.4,872.8
2018/12/19 11:30,-10.2948,1.9,-6.4,-5.3,449,69.2,11.2,872.9
2018/12/19 11:45,-10.9734,1.9,-6,-4.9,449,67.9,11,872.9
2018/12/19 12:00,-11.9228,1.9,-5.7,-4.3,476.2,66.5,11,872.9
2018/12/19 12:15,-9.6414,1.9,-5.4,-4,476.2,65.5,10.9,872.9
2018/12/19 12:30,-3.1472,1.9,-5.1,-3.5,488.5,64.5,10.8,872.9
2018/12/19 12:45,-6.899,1.9,-4.8,-3.2,488.5,63.8,10.7,872.8
2018/12/19 13:00,-4.6013,1.9,-4.6,-3,485.6,63.1,10.6,872.7
2018/12/19 13:15,-10.1912,1.9,-4.4,-2.7,485.6,62.5,10.4,872.7
2018/12/19 13:30,-11.4263,2,-4.2,-2.6,467.8,62,10.2,872.6
2018/12/19 13:45,-10.9867,2,-4.1,-2.5,467.8,61.6,10,872.6
2018/12/19 14:00,-10.8942,2,-3.9,-2.5,435.3,61.4,9.7,872.5
2018/12/19 14:15,-10.2275,2,-3.8,-2.4,435.3,61,9.4,872.5
2018/12/19 14:30,-3.3914,2,-3.7,-2.5,388.7,60.9,9.2,872.5
2018/12/19 14:45,-1.8722,2,-3.6,-2.4,388.7,60.6,9.1,872.5
2018/12/19 15:00,-1.8477,2,-3.7,-2.7,329.3,60.6,9.1,872.5
2018/12/19 15:15,-6.2677,2,-3.6,-2.7,329.3,60.4,9.1,872.6
2018/12/19 15:30,-4.1617,2,-3.7,-3.2,258.7,60.7,9.1,872.7
2018/12/19 15:45,-4.3807,2,-3.7,-3.2,258.7,60.7,9.1,872.7
2018/12/19 16:00,-2.8756,2,-3.8,-3.8,179.2,61.6,9.1,872.6
2018/12/19 16:15,-1.8759,2,-3.9,-4,179.2,61.8,9.1,872.5
2018/12/19 16:30,-0.8702,2.1,-4.2,-4.8,95.1,65.5,9,872.6
2018/12/19 16:45,-0.0436,2.1,-4.4,-5.1,95.1,67.4,8.9,872.5
2018/12/20 7:45,-0.1465,2.1,-8,-8.7,0,89,67.7,870.5
2018/12/20 8:00,-0.0465,2.1,-8.5,-9.4,0,89.2,66.6,870.4
2018/12/20 8:15,-0.1065,1.7,-10.5,-12.1,0,84.2,61.5,869.1
2018/12/20 8:30,-0.5024,1.7,-10.1,-11.6,39,83.7,58.1,868.9
2018/12/20 8:45,-0.9279,1.7,-9.9,-11.4,39,83.3,54.5,868.7
2018/12/20 9:00,-1.7944,1.8,-9.1,-10.3,116.5,82.3,51.1,868.8
2018/12/20 9:15,-3.2715,1.9,-8.7,-9.8,116.5,81.9,49.6,868.6
2018/12/20 9:30,-3.1805,2,-7.8,-8.7,171.7,81.1,51.5,868.6
2018/12/20 9:45,-3.8561,2.1,-7.3,-8,171.7,80.7,57.8,868.5
2018/12/20 10:00,-2.2888,1.8,-6.3,-6.7,248.4,65.2,64.1,868.5
2018/12/20 10:15,-2.3273,1.8,-5.8,-6,248.4,63.4,68,868.5
2018/12/20 10:30,-2.365,1.9,-4.9,-4.8,316.4,61.3,71,868.4
2018/12/20 10:45,-2.7098,1.9,-4.3,-4.1,316.4,60.7,72.5,868.3
2018/12/20 11:00,-3.0251,2,-3.6,-3.3,327.5,59.8,73.3,868.2
2018/12/20 11:15,-3.0228,2.1,-3,-2.7,327.5,59.2,73.4,868
2018/12/20 11:30,-3.3329,2.1,-2.4,-2,361.4,58.2,73.1,867.9
2018/12/20 11:45,-2.5604,2.2,-2,-1.6,361.4,57.4,72.5,867.8
2018/12/20 12:00,-3.936,2.2,-1.5,-1,398.4,56.2,71.1,867.7
2018/12/20 12:15,-4.7618,2.2,-1.1,-0.6,398.4,55.2,70.2,867.5
2018/12/20 12:30,-3.697,2.2,-0.7,-0.1,457,54.1,71.2,867.4
2018/12/20 12:45,-4.1195,2.3,-0.4,0.2,457,53.6,73.7,867.3
2018/12/20 13:00,-3.1168,2.3,-0.1,0.4,441,53.5,75.4,867.2
2018/12/20 13:15,-3.3144,2.4,0.3,0.7,441,53.4,75.4,867.1
2018/12/20 13:30,-4.3911,2.4,0.5,0.8,387.6,53.4,76,867
2018/12/20 13:45,-4.7618,2.5,0.8,1,387.6,53.2,76.6,866.9
2018/12/20 14:00,-5.3746,2.5,0.8,0.7,298,53.9,77.1,866.8
2018/12/20 14:15,-5.2606,2.5,0.9,0.8,298,54.4,76.9,866.8
2018/12/20 14:30,-3.8331,2.6,0.7,0.4,213.5,56.1,76.5,866.8
2018/12/20 14:45,-2.9518,2.6,0.7,0.4,213.5,57.1,76.7,866.8
2018/12/20 15:00,-4.1965,2.7,0.5,0.1,163.1,59.4,77.1,866.8
2018/12/20 15:15,-2.3457,2.8,0.5,0.1,163.1,61,77.6,866.8
2018/12/20 15:30,-1.4481,2.8,0.4,-0.1,114.9,63.1,78.1,866.8
2018/12/20 15:45,-0.6474,2.9,0.4,-0.1,114.9,64,78.4,866.9
2018/12/20 16:00,-0.3352,2.8,0.3,-0.4,73.5,62.7,78.6,866.9
2018/12/20 16:15,-0.2338,2.8,0.2,-0.5,73.5,62.7,78.7,867
2018/12/20 16:30,-0.0051,2.8,-0.1,-0.9,36.6,64.5,78.8,867
2018/12/20 16:45,-0.0021,2.8,-0.3,-1.1,36.6,66.2,79,867
2018/12/21 7:45,-0.0021,1.6,-11.3,-12.5,0,87.5,12.5,872.7
2018/12/21 8:00,-0.0051,1.6,-11.4,-12.6,0,87.6,13,872.9
2018/12/21 8:15,-0.7977,1.4,-12.6,-13.9,0,84.4,9.2,872.6
2018/12/21 8:30,-2.1511,1.4,-12.3,-13.5,46.3,83.7,9.4,872.7
2018/12/21 8:45,-3.5438,1.4,-12.2,-13.4,46.3,83.3,9.5,872.6
2018/12/21 9:00,-4.7707,1.5,-11.4,-12.3,130.7,80.1,9.5,872.8
2018/12/21 9:15,-5.84,1.5,-11.1,-11.9,130.7,77.9,9.4,872.8
2018/12/21 9:30,-6.9308,1.4,-10.2,-10.7,215.8,71.1,9.3,872.9
2018/12/21 9:45,-7.616,1.4,-9.9,-10.2,215.8,69.6,9.3,872.9
2018/12/21 10:00,-8.1414,1.4,-9.3,-9.1,294.2,67.2,9.2,872.9
2018/12/21 10:15,-9.0598,1.5,-8.8,-8.6,294.2,65.2,9.3,872.9
2018/12/21 10:30,-9.7309,1.5,-8.2,-7.6,362.4,62.1,9.5,872.9
2018/12/21 10:45,-10.539,1.5,-7.7,-7.1,362.4,60,9.8,872.8
2018/12/21 11:00,-7.9253,1.5,-7.2,-6.3,418.3,57.9,10,872.8
2018/12/21 11:15,-11.296,1.5,-6.9,-5.9,418.3,56.9,10.1,872.6
2018/12/21 11:30,-11.726,1.5,-6.4,-5.3,460.5,56.1,10.2,872.5
2018/12/21 11:45,-12.1396,1.5,-6,-5,460.5,55.8,10.3,872.4
2018/12/21 12:00,-12.113,1.6,-5.5,-4.4,487.7,55.2,10.2,872.3
2018/12/21 12:15,-11.9968,1.6,-4.9,-4,487.7,54.2,10,872.2
2018/12/21 12:30,-12.062,1.7,-4.4,-3.5,499.8,53,9.8,872.1
2018/12/21 12:45,-12.2603,1.7,-4,-3.1,499.8,52,9.4,872
2018/12/21 13:00,-12.0176,1.7,-3.6,-2.7,496.8,51.3,8.9,872
2018/12/21 13:15,-11.6054,1.7,-3.3,-2.4,496.8,50.7,8.6,871.9
2018/12/21 13:30,-11.1666,1.7,-3,-2.2,478.4,50.1,8.5,872
2018/12/21 13:45,-10.7115,1.7,-2.7,-2,478.4,49.5,8.5,872.1
2018/12/21 14:00,-10.1106,1.8,-2.6,-1.9,445.2,49.1,8.7,872.1
2018/12/21 14:15,-9.594,1.8,-2.3,-1.7,445.2,48.5,8.8,872.2
2018/12/21 14:30,-9.008,1.8,-2.2,-1.8,397.8,48.3,8.9,872.3
2018/12/21 14:45,-7.9868,1.8,-2.1,-1.7,397.8,47.8,9.2,872.4
2018/12/21 15:00,-6.9582,1.8,-2.1,-2,337.3,48,9.5,872.4
2018/12/21 15:15,-6.4379,1.8,-2,-2,337.3,47.9,9.9,872.5
2018/12/21 15:30,-5.1911,1.8,-2.1,-2.4,265.2,48.9,10.4,872.6
2018/12/21 15:45,-3.9286,1.8,-2.1,-2.5,265.2,49.3,10.9,872.7
2018/12/21 16:00,-1.7715,1.9,-2.4,-3.1,184,51.7,11.5,872.8
2018/12/21 16:15,-0.3315,1.9,-2.5,-3.2,184,53.9,12.3,872.8
2018/12/21 16:30,-0.1332,2,-3,-4,97.9,57.7,13.1,872.9
2018/12/21 16:45,-0.1032,2.2,-3.4,-4.4,97.9,64.8,14.1,873
2018/12/22 7:45,-0.0151,1.5,-11.7,-12.8,0,84.2,59.1,876.7
2018/12/22 8:00,-0.0251,1.5,-11.8,-12.9,0,84.2,60.8,876.9
2018/12/22 8:15,-0.0451,1.5,-10.7,-11.7,0,79.4,51.9,878.1
2018/12/22 8:30,-0.2182,1.5,-10.5,-11.5,45,78.7,50.6,878.1
2018/12/22 8:45,-0.6593,1.5,-10.5,-11.4,45,78.8,50.4,878.3
2018/12/22 9:00,-2.453,1.5,-9.8,-10.5,128.1,72.2,51.9,878.5
2018/12/22 9:15,-2.7705,1.5,-9.6,-10.2,128.1,69.7,54.8,878.6
2018/12/22 9:30,-6.0827,1.4,-9.2,-9.3,211.7,66.7,59.1,878.7
2018/12/22 9:45,-3.68,1.4,-9.1,-9.1,211.7,66,63.4,878.7
2018/12/22 10:00,-4.0707,1.4,-8.9,-8.4,288.7,65,67.1,878.6
2018/12/22 10:15,-8.2791,1.4,-8.7,-8.2,288.7,64.5,69,878.6
2018/12/22 10:30,-6.7939,1.4,-8.3,-7.6,355.8,62.9,69.3,878.6
2018/12/22 10:45,-5.325,1.4,-8,-7.2,355.8,61.2,70,878.5
2018/12/22 11:00,-4.8218,1.5,-7.4,-6.4,386.9,58.5,71.5,878.4
2018/12/22 11:15,-4.01,1.4,-7,-6,386.9,56.8,73.1,878.3
2018/12/22 11:30,-3.6015,1.4,-6.6,-5.5,383.8,55,73.1,878.1
2018/12/22 11:45,-3.2885,1.4,-6.4,-5.3,383.8,53.7,72.4,878
2018/12/22 12:00,-3.0902,1.4,-6.1,-4.9,407.6,52.6,71.8,878.1
2018/12/22 12:15,-3.5475,1.4,-6,-4.7,407.6,52,71.3,878.1
2018/12/22 12:30,-4.582,1.4,-5.8,-4.5,405,51.4,71.6,878.1
2018/12/22 12:45,-7.0299,1.4,-5.7,-4.4,405,50.9,71.7,878.1
2018/12/22 13:00,-7.2061,1.4,-5.6,-4.2,411.6,50.3,70.9,878.1
2018/12/22 13:15,-7.8343,1.4,-5.4,-4.1,411.6,49.7,70,878.1
2018/12/22 13:30,-9.2944,1.4,-5.4,-4,415.7,49.1,68.5,878.2
2018/12/22 13:45,-7.8736,1.4,-5.3,-4,415.7,48.6,68,878.2
2018/12/22 14:00,-5.9643,1.4,-5.4,-4.2,391.6,48.4,69.2,878.3
2018/12/22 14:15,-5.6173,1.4,-5.4,-4.2,391.6,48,71.2,878.2
2018/12/22 14:30,-3.1612,1.4,-5.5,-4.5,327.5,48,71.5,878.2
2018/12/22 14:45,-2.2059,1.4,-5.5,-4.5,327.5,47.6,70.2,878.1
2018/12/22 15:00,-2.587,1.4,-5.7,-4.9,298.8,47.6,68,878.2
2018/12/22 15:15,-2.2503,1.3,-5.8,-5,298.8,47.7,65.5,878.2
2018/12/22 15:30,-1.921,1.3,-6.2,-5.8,262.4,48.7,62.8,878.3
2018/12/22 15:45,-2.9925,1.3,-6.5,-6.1,262.4,49.7,59.6,878.4
2018/12/22 16:00,-1.4614,1.3,-7,-6.8,182.3,51.4,55.6,878.5
2018/12/22 16:15,-1.3068,1.3,-7.3,-7.2,182.3,52.7,51.5,878.7
2018/12/22 16:30,-0.6837,1.3,-7.8,-8,97.1,54.8,47.3,878.9
2018/12/22 16:45,-0.0525,1.3,-8.2,-8.3,97.1,56.2,42.9,879
2018/12/23 7:45,-0.0273,0.7,-19,-19.4,0,71.9,11.7,882.3
2018/12/23 8:00,-0.0673,0.7,-19,-19.5,0,72,11.3,882.3
2018/12/23 8:15,-1.0744,2.4,-3.8,-5.1,0,72.2,22.8,867.4
2018/12/23 8:30,-2.4049,2.3,-4.2,-5.6,0,72.9,18.4,867.5
2018/12/23 8:45,-3.8472,2.3,-4.4,-5.9,0,72.7,14.5,867.7
2018/12/23 9:00,-4.9913,2.3,-4.7,-6.2,0,72.5,11.3,868
2018/12/23 9:15,-6.1264,2.2,-4.8,-6.3,0,72.2,8.8,868
2018/12/23 9:30,-7.1587,2.2,-5.1,-6.5,0,72.3,6.8,868.3
2018/12/23 9:45,-8.0889,2.2,-5.2,-6.7,0,72.8,5.3,868.5
2018/12/23 10:00,-8.9495,2.1,-5.5,-6.9,0,73.5,4.3,868.7
2018/12/23 10:15,-9.7613,2.1,-5.7,-7.1,0,74.3,3.7,868.9
2018/12/23 10:30,-10.482,2.1,-5.9,-7.3,0,75.4,3.2,869
2018/12/23 10:45,-11.1828,2.1,-6.2,-7.6,0,76.9,2.9,869.3
2018/12/23 11:00,-11.6261,2.1,-6.5,-7.8,0,78.2,2.8,869.4
2018/12/23 11:15,-12.2788,2.1,-6.9,-8.1,0,79.5,2.8,869.6
2018/12/23 11:30,-12.6229,2.1,-7.2,-8.4,0,81.1,2.9,869.6
2018/12/23 11:45,-12.8826,2.1,-7.6,-8.8,0,83,2.9,869.6
2018/12/23 12:00,-13.0528,2,-8,-9.1,0,84.7,2.9,869.8
2018/12/23 12:15,-13.0476,2,-8.3,-9.4,0,85.3,2.9,869.9
2018/12/23 12:30,-13.0062,2,-8.6,-9.7,0,85.7,2.9,870
2018/12/23 12:45,-12.8759,1.9,-8.8,-9.9,0,85.9,2.9,870
2018/12/23 13:00,-12.7302,1.9,-9,-10.1,0,86,2.9,870
2018/12/23 13:15,-12.4297,1.9,-9.2,-10.3,0,85.9,3,870.1
2018/12/23 13:30,-12.0856,1.9,-9.3,-10.5,0,86.1,3.1,870.2
2018/12/23 13:45,-11.6986,1.8,-9.5,-10.6,0,86.3,3.2,870.4
2018/12/23 14:00,-11.2383,1.8,-9.7,-10.8,0,86.5,3.4,870.5
2018/12/23 14:15,-10.5916,1.8,-9.8,-11,0,86.8,3.7,870.7
2018/12/23 14:30,-9.8701,1.8,-10,-11.1,0,87,4,870.7
2018/12/23 14:45,-9.1463,1.8,-10.1,-11.3,0,87.2,4.3,870.8
2018/12/23 15:00,-8.2532,1.8,-10.2,-11.4,0,87.3,4.5,870.9
2018/12/23 15:15,-7.2786,1.7,-10.3,-11.5,0,87.5,4.8,871
2018/12/23 15:30,-6.1937,1.7,-10.4,-11.7,0,87.6,5.2,871.1
2018/12/23 15:45,-5.1341,1.7,-10.5,-11.8,0,87.7,5.6,871.3
2018/12/23 16:00,-4.0307,1.7,-10.5,-11.8,0,86.8,6.1,871.4
2018/12/23 16:15,-2.5507,1.7,-10.5,-11.8,0,86.1,6.7,871.5
2018/12/23 16:30,-1.3712,1.7,-10.5,-11.8,0,85.7,7.3,871.6
2018/12/23 16:45,-0.2745,1.7,-10.5,-11.9,0,85.5,7.8,871.7
2018/12/24 7:45,-0.2152,1.9,-7.6,-8.9,0,75.5,34.4,874.3
2018/12/24 8:00,-0.4264,1.8,-7.8,-9.1,0,75.9,35.9,874.4
2018/12/24 8:15,-0.9264,0.7,-18.5,-19.9,0,73,8.5,872.3
2018/12/24 8:30,-2.1563,0.8,-18.1,-19.4,49.9,71.6,9.4,872.1
2018/12/24 8:45,-3.5334,0.8,-17.9,-19.2,49.9,72,10.3,872
2018/12/24 9:00,-4.6797,0.8,-17,-18,137.1,67.5,10.9,871.9
2018/12/24 9:15,-5.7719,0.8,-16.6,-17.5,137.1,66.4,11.2,871.7
2018/12/24 9:30,-6.8301,0.7,-15.7,-16.2,222.6,52.4,11.4,871.6
2018/12/24 9:45,-7.7181,0.7,-15.3,-15.5,222.6,50.7,11.5,871.6
2018/12/24 10:00,-8.3397,0.7,-14.4,-14.3,299.7,48.3,11.5,871.5
2018/12/24 10:15,-9.1715,0.7,-13.6,-13.6,299.7,47.7,11.3,871.4
2018/12/24 10:30,-9.805,0.8,-12.6,-12.4,366.8,47.1,10.9,871.2
2018/12/24 10:45,-10.2978,0.8,-11.8,-11.6,366.8,47.3,10.5,870.9
2018/12/24 11:00,-10.8106,0.9,-10.8,-10.6,422.5,47.1,10.3,870.8
2018/12/24 11:15,-11.2472,1,-10,-9.8,422.5,47.3,10.2,870.6
2018/12/24 11:30,-11.5632,1,-9.2,-8.9,464.9,47.1,10.1,870.3
2018/12/24 11:45,-11.9043,1.1,-8.6,-8.3,464.9,47,10.1,870.2
2018/12/24 12:00,-12.1093,1.1,-7.9,-7.7,492.3,46.6,10.3,870
2018/12/24 12:15,-12.1781,1.1,-7.5,-7.2,492.3,46.4,10.7,869.8
2018/12/24 12:30,-12.1056,1.2,-7.1,-6.7,503.8,46.2,11.1,869.7
2018/12/24 12:45,-11.9139,1.2,-6.8,-6.3,503.8,46.1,11.5,869.6
2018/12/24 13:00,-11.7941,1.2,-6.5,-6,499.7,46,11.9,869.4
2018/12/24 13:15,-11.3197,1.2,-6.3,-5.8,499.7,46.1,12.4,869.2
2018/12/24 13:30,-10.9904,1.3,-6.1,-5.6,480.8,46.4,12.8,869
2018/12/24 13:45,-10.5583,1.3,-5.9,-5.4,480.8,46.5,13.1,868.7
2018/12/24 14:00,-10.2149,1.3,-5.7,-5.4,447.3,46.9,13.3,868.5
2018/12/24 14:15,-9.7124,1.3,-5.5,-5.2,447.3,47,13.2,868.3
2018/12/24 14:30,-9.1197,1.4,-5.4,-5.2,399.7,47.3,13.2,868.1
2018/12/24 14:45,-8.1074,1.4,-5.2,-5.1,399.7,47.4,13.1,868
2018/12/24 15:00,-7.1683,1.4,-5.1,-5.3,339,48,13.2,867.8
2018/12/24 15:15,-6.1212,1.4,-5,-5.2,339,48.2,13.2,867.7
2018/12/24 15:30,-5.0882,1.5,-5,-5.5,266.8,49.5,13.2,867.5
2018/12/24 15:45,-4.0019,1.5,-4.9,-5.5,266.8,50.1,13.2,867.5
2018/12/24 16:00,-3.0177,1.6,-5.1,-6,185.4,52.7,13.2,867.5
2018/12/24 16:15,-1.8307,1.6,-5.2,-6.1,185.4,54.9,13.3,867.4
2018/12/24 16:30,-0.6815,1.6,-5.7,-6.9,99.2,56.7,13.3,867.4
2018/12/24 16:45,-0.0599,1.6,-5.9,-7.2,99.2,58.1,13.3,867.4
2018/12/25 7:45,-0.2469,1.1,-14.4,-15.3,0,74.4,52.1,871.1
2018/12/25 8:00,-0.5935,1.1,-14.4,-15.4,0,74.8,50.9,871.2
2018/12/25 8:15,-0.7969,0.7,-18.5,-19.9,0,73,8.5,872.3
2018/12/25 8:30,-2.0527,0.8,-18.1,-19.4,49.9,71.6,9.4,872.1
2018/12/25 8:45,-3.4077,0.8,-17.9,-19.2,49.9,72,10.3,872
2018/12/25 9:00,-4.5576,0.8,-17,-18,137.1,67.5,10.9,871.9
2018/12/25 9:15,-5.7475,0.8,-16.6,-17.5,137.1,66.4,11.2,871.7
2018/12/25 9:30,-6.8975,0.7,-15.7,-16.2,222.6,52.4,11.4,871.6
2018/12/25 9:45,-7.8891,0.7,-15.3,-15.5,222.6,50.7,11.5,871.6
2018/12/25 10:00,-8.8178,0.7,-14.4,-14.3,299.7,48.3,11.5,871.5
2018/12/25 10:15,-9.6525,0.7,-13.6,-13.6,299.7,47.7,11.3,871.4
2018/12/25 10:30,-10.3348,0.8,-12.6,-12.4,366.8,47.1,10.9,871.2
2018/12/25 10:45,-10.9727,0.8,-11.8,-11.6,366.8,47.3,10.5,870.9
2018/12/25 11:00,-11.5787,0.9,-10.8,-10.6,422.5,47.1,10.3,870.8
2018/12/25 11:15,-11.8444,1,-10,-9.8,422.5,47.3,10.2,870.6
2018/12/25 11:30,-12.2203,1,-9.2,-8.9,464.9,47.1,10.1,870.3
2018/12/25 11:45,-12.5059,1.1,-8.6,-8.3,464.9,47,10.1,870.2
2018/12/25 12:00,-12.8108,1.1,-7.9,-7.7,492.3,46.6,10.3,870
2018/12/25 12:15,-12.9499,1.1,-7.5,-7.2,492.3,46.4,10.7,869.8
2018/12/25 12:30,-12.9884,1.2,-7.1,-6.7,503.8,46.2,11.1,869.7
2018/12/25 12:45,-12.8952,1.2,-6.8,-6.3,503.8,46.1,11.5,869.6
2018/12/25 13:00,-12.7065,1.2,-6.5,-6,499.7,46,11.9,869.4
2018/12/25 13:15,-12.4934,1.2,-6.3,-5.8,499.7,46.1,12.4,869.2
2018/12/25 13:30,-12.1811,1.3,-6.1,-5.6,480.8,46.4,12.8,869
2018/12/25 13:45,-11.8104,1.3,-5.9,-5.4,480.8,46.5,13.1,868.7
2018/12/25 14:00,-11.3183,1.3,-5.7,-5.4,447.3,46.9,13.3,868.5
2018/12/25 14:15,-10.7825,1.3,-5.5,-5.2,447.3,47,13.2,868.3
2018/12/25 14:30,-10.075,1.4,-5.4,-5.2,399.7,47.3,13.2,868.1
2018/12/25 14:45,-9.3151,1.4,-5.2,-5.1,399.7,47.4,13.1,868
2018/12/25 15:00,-8.4441,1.4,-5.1,-5.3,339,48,13.2,867.8
2018/12/25 15:15,-7.5169,1.4,-5,-5.2,339,48.2,13.2,867.7
2018/12/25 15:30,-6.4675,1.5,-5,-5.5,266.8,49.5,13.2,867.5
2018/12/25 15:45,-5.3487,1.5,-4.9,-5.5,266.8,50.1,13.2,867.5
2018/12/25 16:00,-4.2476,1.6,-5.1,-6,185.4,52.7,13.2,867.5
2018/12/25 16:15,-2.9651,1.6,-5.2,-6.1,185.4,54.9,13.3,867.4
2018/12/25 16:30,-1.6294,1.6,-5.7,-6.9,99.2,56.7,13.3,867.4
2018/12/25 16:45,-0.4121,1.6,-5.9,-7.2,99.2,58.1,13.3,867.4
2018/12/26 7:45,-0.2161,1.1,-14.4,-15.3,0,74.4,52.1,871.1
2018/12/26 8:00,-0.5161,1.1,-14.4,-15.4,0,74.8,50.9,871.2
2018/12/26 8:15,-0.9161,1.1,-14.5,-15.5,0,75.3,49.6,871.4
2018/12/26 8:30,-2.2007,1.1,-14.3,-15.1,46.9,74.8,48.4,871.5
2018/12/26 8:45,-3.6171,1.1,-14.3,-15,46.9,74.7,47.4,871.6
2018/12/26 9:00,-4.7944,1.1,-13.9,-14.4,131.1,74.1,46.7,871.8
2018/12/26 9:15,-5.9044,1.1,-13.8,-14.2,131.1,73.8,46.2,871.9
2018/12/26 9:30,-7.0477,1.1,-13.4,-13.4,215.6,72.4,45.7,872.1
2018/12/26 9:45,-7.8476,1.1,-13.1,-13.2,215.6,71.4,45.3,872.2
2018/12/26 10:00,-8.7823,1.1,-12.7,-12.4,293.3,69.8,44.8,872.4
2018/12/26 10:15,-9.5275,1.2,-12.5,-12.1,293.3,68.7,44.4,872.6
2018/12/26 10:30,-10.152,1.2,-12.1,-11.4,361,67.1,44,872.8
2018/12/26 10:45,-10.7854,1.2,-11.8,-11.1,361,65.9,43.7,872.9
2018/12/26 11:00,-11.3012,1.2,-11.5,-10.5,416.6,64.3,43.4,873
2018/12/26 11:15,-11.669,1.2,-11.3,-10.3,416.6,63.2,43.1,873.1
2018/12/26 11:30,-11.9931,1.2,-11.1,-9.8,458.8,61.8,42.9,873.1
2018/12/26 11:45,-12.1989,1.1,-11,-9.6,458.8,60.7,42.6,873.1
2018/12/26 12:00,-12.4534,1.1,-10.8,-9.2,486.5,59.5,42.2,873.2
2018/12/26 12:15,-13.0513,1.1,-10.7,-9.1,486.5,58.5,41.9,873.2
2018/12/26 12:30,-13.1231,1.1,-10.6,-8.8,499.2,57.6,41.5,873.3
2018/12/26 12:45,-13.0728,1.1,-10.6,-8.7,499.2,56.9,41.2,873.4
2018/12/26 13:00,-12.9055,1.1,-10.5,-8.6,496.5,56.3,41,873.4
2018/12/26 13:15,-12.6503,1.1,-10.5,-8.5,496.5,55.8,40.7,873.5
2018/12/26 13:30,-12.2899,1.1,-10.4,-8.6,478.4,55.4,40.4,873.5
2018/12/26 13:45,-11.9206,1.1,-10.4,-8.5,478.4,55,40.1,873.5
2018/12/26 14:00,-11.4463,1.1,-10.4,-8.7,445.3,54.8,39.9,873.6
2018/12/26 14:15,-10.8077,1.1,-10.4,-8.7,445.3,54.7,39.8,873.6
2018/12/26 14:30,-10.2608,1.1,-10.5,-8.9,394,54.8,39.7,873.7
2018/12/26 14:45,-9.1656,1.1,-10.5,-8.9,394,54.9,39.6,873.7
2018/12/26 15:00,-8.5196,1.1,-10.7,-9.3,331.5,55.4,39.6,873.8
2018/12/26 15:15,-7.5339,1.1,-10.8,-9.4,331.5,55.8,39.4,873.8
2018/12/26 15:30,-6.3395,1.1,-11,-9.8,257.5,56.6,39.3,873.9
2018/12/26 15:45,-5.1622,1.1,-11.1,-9.9,257.5,57.1,39.1,873.9
2018/12/26 16:00,-3.8694,1.1,-11.3,-10.5,176.2,58.1,39.1,874.1
2018/12/26 16:15,-2.5707,1.1,-11.4,-10.6,176.2,58.3,39.1,874.1
2018/12/26 16:30,-1.332,1.1,-11.6,-11.2,87.2,59.1,39.3,874.3
2018/12/26 16:45,-0.0784,1,-11.7,-11.4,87.2,59.1,39.4,874.4
2018/12/27 7:45,-0.47,0.6,-19.2,-19.8,0,67.9,61.9,878.9
2018/12/27 8:00,-0.87,0.6,-19.3,-19.9,0,67.8,62.7,879.1
2018/12/27 8:15,-1.087,0.7,-18.5,-19.9,0,73,8.5,872.3
2018/12/27 8:30,-2.3087,0.8,-18.1,-19.4,49.9,71.6,9.4,872.1
2018/12/27 8:45,-3.7991,0.8,-17.9,-19.2,49.9,72,10.3,872
2018/12/27 9:00,-5.0282,0.8,-17,-18,137.1,67.5,10.9,871.9
2018/12/27 9:15,-6.1856,0.8,-16.6,-17.5,137.1,66.4,11.2,871.7
2018/12/27 9:30,-7.286,0.7,-15.7,-16.2,222.6,52.4,11.4,871.6
2018/12/27 9:45,-8.2828,0.7,-15.3,-15.5,222.6,50.7,11.5,871.6
2018/12/27 10:00,-9.2041,0.7,-14.4,-14.3,299.7,48.3,11.5,871.5
2018/12/27 10:15,-10.0899,0.7,-13.6,-13.6,299.7,47.7,11.3,871.4
2018/12/27 10:30,-10.8113,0.8,-12.6,-12.4,366.8,47.1,10.9,871.2
2018/12/27 10:45,-11.4655,0.8,-11.8,-11.6,366.8,47.3,10.5,870.9
2018/12/27 11:00,-11.965,0.9,-10.8,-10.6,422.5,47.1,10.3,870.8
2018/12/27 11:15,-12.4134,1,-10,-9.8,422.5,47.3,10.2,870.6
2018/12/27 11:30,-12.7664,1,-9.2,-8.9,464.9,47.1,10.1,870.3
2018/12/27 11:45,-13.0831,1.1,-8.6,-8.3,464.9,47,10.1,870.2
2018/12/27 12:00,-13.3074,1.1,-7.9,-7.7,492.3,46.6,10.3,870
2018/12/27 12:15,-13.445,1.1,-7.5,-7.2,492.3,46.4,10.7,869.8
2018/12/27 12:30,-13.4435,1.2,-7.1,-6.7,503.8,46.2,11.1,869.7
2018/12/27 12:45,-13.2926,1.2,-6.8,-6.3,503.8,46.1,11.5,869.6
2018/12/27 13:00,-13.1386,1.2,-6.5,-6,499.7,46,11.9,869.4
2018/12/27 13:15,-12.9485,1.2,-6.3,-5.8,499.7,46.1,12.4,869.2
2018/12/27 13:30,-12.6273,1.3,-6.1,-5.6,480.8,46.4,12.8,869
2018/12/27 13:45,-12.2418,1.3,-5.9,-5.4,480.8,46.5,13.1,868.7
2018/12/27 14:00,-11.6823,1.3,-5.7,-5.4,447.3,46.9,13.3,868.5
2018/12/27 14:15,-11.0859,1.3,-5.5,-5.2,447.3,47,13.2,868.3
2018/12/27 14:30,-10.3777,1.4,-5.4,-5.2,399.7,47.3,13.2,868.1
2018/12/27 14:45,-9.5511,1.4,-5.2,-5.1,399.7,47.4,13.1,868
2018/12/27 15:00,-8.6565,1.4,-5.1,-5.3,339,48,13.2,867.8
2018/12/27 15:15,-7.7004,1.4,-5,-5.2,339,48.2,13.2,867.7
2018/12/27 15:30,-6.6096,1.5,-5,-5.5,266.8,49.5,13.2,867.5
2018/12/27 15:45,-5.4278,1.5,-4.9,-5.5,266.8,50.1,13.2,867.5
2018/12/27 16:00,-4.1698,1.6,-5.1,-6,185.4,52.7,13.2,867.5
2018/12/27 16:15,-2.8134,1.6,-5.2,-6.1,185.4,54.9,13.3,867.4
2018/12/27 16:30,-1.5428,1.6,-5.7,-6.9,99.2,56.7,13.3,867.4
2018/12/27 16:45,-0.3551,1.6,-5.9,-7.2,99.2,58.1,13.3,867.4
2018/12/28 7:45,-0.0325,1.1,-14.4,-15.3,0,74.4,52.1,871.1
2018/12/28 8:00,-0.0325,1.1,-14.4,-15.4,0,74.8,50.9,871.2
2018/12/28 8:15,-0.9124,0.7,-18.5,-19.9,0,73,8.5,872.3
2018/12/28 8:30,-2.1689,0.8,-18.1,-19.4,49.9,71.6,9.4,872.1
2018/12/28 8:45,-3.6652,0.8,-17.9,-19.2,49.9,72,10.3,872
2018/12/28 9:00,-4.8403,0.8,-17,-18,137.1,67.5,10.9,871.9
2018/12/28 9:15,-6.0857,0.8,-16.6,-17.5,137.1,66.4,11.2,871.7
2018/12/28 9:30,-7.1772,0.7,-15.7,-16.2,222.6,52.4,11.4,871.6
2018/12/28 9:45,-8.12,0.7,-15.3,-15.5,222.6,50.7,11.5,871.6
2018/12/28 10:00,-8.9754,0.7,-14.4,-14.3,299.7,48.3,11.5,871.5
2018/12/28 10:15,-9.8575,0.7,-13.6,-13.6,299.7,47.7,11.3,871.4
2018/12/28 10:30,-10.5161,0.8,-12.6,-12.4,366.8,47.1,10.9,871.2
2018/12/28 10:45,-11.0252,0.8,-11.8,-11.6,366.8,47.3,10.5,870.9
2018/12/28 11:00,-11.5521,0.9,-10.8,-10.6,422.5,47.1,10.3,870.8
2018/12/28 11:15,-12.2388,1,-10,-9.8,422.5,47.3,10.2,870.6
2018/12/28 11:30,-12.6428,1,-9.2,-8.9,464.9,47.1,10.1,870.3
2018/12/28 11:45,-12.93,1.1,-8.6,-8.3,464.9,47,10.1,870.2
2018/12/28 12:00,-13.0373,1.1,-7.9,-7.7,492.3,46.6,10.3,870
2018/12/28 12:15,-13.1105,1.1,-7.5,-7.2,492.3,46.4,10.7,869.8
2018/12/28 12:30,-13.1142,1.2,-7.1,-6.7,503.8,46.2,11.1,869.7
2018/12/28 12:45,-13.0713,1.2,-6.8,-6.3,503.8,46.1,11.5,869.6
2018/12/28 13:00,-12.8648,1.2,-6.5,-6,499.7,46,11.9,869.4
2018/12/28 13:15,-12.6517,1.2,-6.3,-5.8,499.7,46.1,12.4,869.2
2018/12/28 13:30,-12.4571,1.3,-6.1,-5.6,480.8,46.4,12.8,869
2018/12/28 13:45,-12.1167,1.3,-5.9,-5.4,480.8,46.5,13.1,868.7
2018/12/28 14:00,-11.4788,1.3,-5.7,-5.4,447.3,46.9,13.3,868.5
2018/12/28 14:15,-10.8276,1.3,-5.5,-5.2,447.3,47,13.2,868.3
2018/12/28 14:30,-10.189,1.4,-5.4,-5.2,399.7,47.3,13.2,868.1
2018/12/28 14:45,-9.4386,1.4,-5.2,-5.1,399.7,47.4,13.1,868
2018/12/28 15:00,-8.5714,1.4,-5.1,-5.3,339,48,13.2,867.8
2018/12/28 15:15,-7.6123,1.4,-5,-5.2,339,48.2,13.2,867.7
2018/12/28 15:30,-6.6044,1.5,-5,-5.5,266.8,49.5,13.2,867.5
2018/12/28 15:45,-5.4663,1.5,-4.9,-5.5,266.8,50.1,13.2,867.5
2018/12/28 16:00,-4.3141,1.6,-5.1,-6,185.4,52.7,13.2,867.5
2018/12/28 16:15,-2.9526,1.6,-5.2,-6.1,185.4,54.9,13.3,867.4
2018/12/28 16:30,-1.605,1.6,-5.7,-6.9,99.2,56.7,13.3,867.4
2018/12/28 16:45,-0.4425,1.6,-5.9,-7.2,99.2,58.1,13.3,867.4
2018/12/29 7:45,-0.1076,1.1,-14.4,-15.3,0,74.4,52.1,871.1
2018/12/29 8:00,-0.1176,1.1,-14.4,-15.4,0,74.8,50.9,871.2
2018/12/29 8:15,-1.0078,0.5,-24.4,-25.2,0,75.1,5,887.4
2018/12/29 8:30,-2.2592,0.4,-24,-24.7,50.9,68.8,5.3,887.5
2018/12/29 8:45,-3.6896,0.4,-23.8,-24.4,50.9,67.4,5.6,887.5
2018/12/29 9:00,-4.8699,0.4,-23.3,-23.5,138.2,63.3,5.9,887.7
2018/12/29 9:15,-6.0561,0.4,-23,-23.1,138.2,62.4,6.2,887.6
2018/12/29 9:30,-7.0595,0.4,-22.4,-22.1,225.1,59.6,6.6,887.6
2018/12/29 9:45,-8.1459,0.4,-22,-21.7,225.1,58.4,7,887.5
2018/12/29 10:00,-9.0131,0.4,-21.5,-20.8,304.8,57.1,7.4,887.4
2018/12/29 10:15,-9.9367,0.5,-21,-20.4,304.8,56.6,7.8,887.4
2018/12/29 10:30,-10.4502,0.5,-20.5,-19.5,374,55.5,8.1,887.2
2018/12/29 10:45,-11.2354,0.5,-20,-19,374,54.8,8.5,887.1
2018/12/29 11:00,-11.7319,0.5,-19.5,-18.2,430.6,53.8,8.8,887.2
2018/12/29 11:15,-12.1456,0.5,-19,-17.7,430.6,53.1,9.1,887.1
2018/12/29 11:30,-12.6206,0.5,-18.4,-17,473.4,52.2,9.4,887
2018/12/29 11:45,-12.8789,0.5,-17.9,-16.5,473.4,51.6,9.7,886.9
2018/12/29 12:00,-13.1564,0.6,-17.3,-15.9,501.5,50.9,9.9,886.8
2018/12/29 12:15,-13.2755,0.6,-16.9,-15.5,501.5,50.4,10.1,886.7
2018/12/29 12:30,-13.3288,0.6,-16.5,-15.1,514.1,50,10.4,886.6
2018/12/29 12:45,-13.2659,0.6,-16.1,-14.7,514.1,49.7,10.6,886.5
2018/12/29 13:00,-13.1105,0.6,-15.8,-14.4,511.1,49.4,10.9,886.3
2018/12/29 13:15,-12.8219,0.6,-15.5,-14.2,511.1,49.2,11.2,886.1
2018/12/29 13:30,-12.5244,0.6,-15.2,-14,492.6,48.9,11.6,885.9
2018/12/29 13:45,-12.1545,0.6,-15,-13.8,492.6,48.5,12,885.7
2018/12/29 14:00,-11.578,0.6,-14.8,-13.9,458.8,48.2,12.2,885.5
2018/12/29 14:15,-11.0481,0.7,-14.6,-13.7,458.8,47.9,12.6,885.4
2018/12/29 14:30,-10.377,0.7,-14.6,-13.9,410.6,47.9,13.1,885.3
2018/12/29 14:45,-9.6059,0.7,-14.5,-13.8,410.6,47.8,13.6,885.2
2018/12/29 15:00,-8.7919,0.7,-14.5,-14.1,349,48.1,14.2,885.2
2018/12/29 15:15,-7.8329,0.7,-14.5,-14,349,48.1,14.7,885.1
2018/12/29 15:30,-6.7954,0.7,-14.6,-14.4,275.7,48.6,15.2,885.2
2018/12/29 15:45,-5.4434,0.7,-14.6,-14.5,275.7,48.5,15.8,885.1
2018/12/29 16:00,-4.5436,0.7,-14.9,-15,193,49.3,16.5,885.1
2018/12/29 16:15,-3.4276,0.7,-15,-15.2,193,49.6,17.3,885.1
2018/12/29 16:30,-2.0579,0.7,-15.3,-15.8,104.8,51.1,18.1,885
2018/12/29 16:45,-0.7917,0.7,-15.5,-16.1,104.8,51.8,18.9,885
2018/12/30 7:45,-0.011,0.6,-22,-23.1,0,80.5,9.2,886.8
2018/12/30 8:00,-0.011,0.6,-22,-23.1,0,81,9.1,886.8
2018/12/30 8:15,-0.848,0.6,-22,-23.2,0,81.3,8.9,886.9
2018/12/30 8:30,-2.1918,0.6,-21.6,-22.6,50.5,78.7,8.8,886.9
2018/12/30 8:45,-3.6089,0.6,-21.4,-22.4,50.5,77.8,8.7,887
2018/12/30 9:00,-4.7256,0.6,-20.7,-21.4,136.8,72.7,8.7,887.1
2018/12/30 9:15,-5.7616,0.6,-20.3,-21,136.8,71.3,8.7,887.1
2018/12/30 9:30,-6.822,0.6,-19.7,-19.9,222.9,68.5,8.6,887.2
2018/12/30 9:45,-7.8225,0.6,-19.2,-19.4,222.9,67.3,8.5,887.2
2018/12/30 10:00,-8.6927,0.6,-18.6,-18.4,301.9,65.3,8.3,887.2
2018/12/30 10:15,-9.4379,0.7,-18.1,-17.9,301.9,64.5,8,887.2
2018/12/30 10:30,-10.1712,0.7,-17.6,-17.1,370.5,63.2,7.8,887.2
2018/12/30 10:45,-10.8121,0.7,-17.2,-16.6,370.5,62.4,7.7,887.1
2018/12/30 11:00,-11.3131,0.7,-16.7,-15.9,426.8,61.5,7.7,887.1
2018/12/30 11:15,-11.7363,0.7,-16.3,-15.4,426.8,60.8,7.7,887
2018/12/30 11:30,-12.0294,0.7,-15.9,-14.8,469.4,60,7.8,886.9
2018/12/30 11:45,-12.2928,0.8,-15.5,-14.5,469.4,59.4,7.9,886.7
2018/12/30 12:00,-12.4823,0.8,-15.2,-14,497.3,58.8,8.1,886.7
2018/12/30 12:15,-12.5888,0.8,-14.9,-13.6,497.3,58.2,8.2,886.6
2018/12/30 12:30,-12.5822,0.8,-14.6,-13.3,509.8,57.7,8.4,886.6
2018/12/30 12:45,-12.5422,0.8,-14.3,-13,509.8,57.2,8.6,886.6
2018/12/30 13:00,-12.3824,0.8,-14.1,-12.7,506.8,56.7,8.7,886.6
2018/12/30 13:15,-12.1308,0.8,-13.9,-12.5,506.8,56.3,8.8,886.5
2018/12/30 13:30,-11.8377,0.8,-13.7,-12.4,488.2,56,9,886.5
2018/12/30 13:45,-11.4596,0.8,-13.6,-12.2,488.2,55.6,9.1,886.5
2018/12/30 14:00,-11.0563,0.8,-13.5,-12.2,454.6,55.4,9.2,886.5
2018/12/30 14:15,-10.5227,0.8,-13.3,-12,454.6,55.1,9.3,886.5
2018/12/30 14:30,-9.8523,0.8,-13.3,-12.2,406.7,55,9.4,886.4
2018/12/30 14:45,-9.1315,0.8,-13.2,-12.1,406.7,54.7,9.4,886.5
2018/12/30 15:00,-8.2606,0.8,-13.2,-12.4,345.7,54.9,9.4,886.4
2018/12/30 15:15,-7.4821,0.8,-13.2,-12.4,345.7,54.8,9.4,886.4
2018/12/30 15:30,-6.5068,0.8,-13.3,-12.8,273,55.2,9.4,886.4
2018/12/30 15:45,-5.4249,0.8,-13.3,-12.9,273,55.3,9.4,886.5
2018/12/30 16:00,-4.2897,0.8,-13.5,-13.5,191,56.1,9.3,886.5
2018/12/30 16:15,-3.0754,0.8,-13.6,-13.6,191,56.5,9.2,886.6
2018/12/30 16:30,-1.6731,0.9,-13.9,-14.3,103.8,58.2,9.1,886.6
2018/12/30 16:45,-0.3855,0.9,-14.1,-14.6,103.8,59,8.9,886.7
2018/12/31 7:45,-0.3208,0.7,-21.9,-22.8,0,92.3,60.3,888.2
2018/12/31 8:00,-0.4208,0.7,-22,-22.9,0,92.3,61.5,888.2
2018/12/31 8:15,-0.6208,0.6,-22.1,-23,0,82,48.4,883.4
2018/12/31 8:30,-1.659,0.6,-21.7,-22.5,52.1,81.8,46.8,883.2
2018/12/31 8:45,-2.866,0.6,-21.6,-22.3,52.1,81.8,46.4,883.3
2018/12/31 9:00,-3.9264,0.6,-20.7,-21.2,138.2,72.7,46.9,883.3
2018/12/31 9:15,-4.8662,0.6,-20.5,-20.7,138.2,68.1,48,883.4
2018/12/31 9:30,-5.8097,0.6,-20,-19.6,223.4,65.1,49.8,883.3
2018/12/31 9:45,-5.8755,0.6,-19.5,-19,223.4,63.6,51.7,883.2
2018/12/31 10:00,-6.213,0.6,-18.7,-17.9,301,59.9,52.9,883.2
2018/12/31 10:15,-4.5576,0.6,-18.2,-17.3,301,56.4,52.3,883.2
2018/12/31 10:30,-8.2902,0.6,-17.5,-16.2,367.7,53.8,51.4,883.1
2018/12/31 10:45,-6.0791,0.6,-16.9,-15.6,367.7,51.8,51.2,883
2018/12/31 11:00,-7.3711,0.6,-16.1,-14.5,422.7,50,52.5,883
2018/12/31 11:15,-4.9372,0.6,-15.6,-13.9,422.7,48.5,61.3,882.9
2018/12/31 11:30,-5.9318,0.6,-14.8,-12.9,422.1,46.8,68.5,882.7
2018/12/31 11:45,-3.5349,0.6,-14.1,-12.2,422.1,45.7,69,882.5
2018/12/31 12:00,-2.3857,0.7,-13.4,-11.6,398.3,45.1,69,882.5
2018/12/31 12:15,-2.0816,0.7,-12.8,-11,398.3,44.8,69.1,882.4
2018/12/31 12:30,-2.826,0.7,-12.3,-10.7,349.2,44.8,69.1,882.4
2018/12/31 12:45,-2.1637,0.8,-11.8,-10.3,349.2,44.5,69.2,882.2
2018/12/31 13:00,-1.7219,0.8,-11.5,-10.3,282.2,44.4,69.2,882.1
2018/12/31 13:15,-1.8485,0.8,-11.1,-10,282.2,44.5,69.1,882
2018/12/31 13:30,-2.0978,0.8,-10.7,-9.7,282.2,44.7,69,882
2018/12/31 13:45,-1.6442,0.9,-10.3,-9.3,282.2,45,69.1,882
2018/12/31 14:00,-1.1025,0.9,-10.1,-9.4,225.4,45.7,69,882
2018/12/31 14:15,-0.6593,0.9,-9.8,-9.3,225.4,46.8,68.9,881.9
2018/12/31 14:30,-0.572,1,-9.7,-9.5,175.4,50.2,68.7,881.9
2018/12/31 14:45,-0.5542,1.1,-9.7,-9.5,175.4,55.7,68.2,881.9
2018/12/31 15:00,-0.4587,1.3,-9.9,-9.5,173.2,62.3,66.7,881.9
2018/12/31 15:15,-0.3107,1.4,-10.1,-9.6,173.2,68.8,66,882
2018/12/31 15:30,-0.1635,1.5,-10.3,-9.8,136.3,74.8,66.1,881.9
2018/12/31 15:45,-0.1598,1.5,-10.5,-9.9,136.3,78.9,66.5,882
2018/12/31 16:00,-0.1332,1.6,-10.6,-10.2,86.3,81.4,67.2,882
2018/12/31 16:15,-0.1232,1.6,-10.6,-10.3,86.3,82,67.7,882
2018/12/31 16:30,-0.1122,1.6,-10.7,-10.6,47.7,82.5,68.1,881.9
2018/12/31 16:45,-0.0732,1.6,-10.7,-10.7,47.7,82.6,68.1,881.9
2019/1/1 7:45,-0.0399,0.9,-18.7,-19.6,0,93.8,20.4,884.8
2019/1/1 8:00,-0.0399,0.9,-18.8,-19.7,0,93.8,19.2,884.8
2019/1/1 8:15,-0.0399,0.8,-20.5,-21,0,90.2,11.1,885.4
2019/1/1 8:30,-0.0399,0.8,-20.2,-20.5,52.4,86.2,10.3,885.3
2019/1/1 8:45,-0.2493,0.7,-20.1,-20.4,52.4,84.8,9.6,885.2
2019/1/1 9:00,-0.3988,0.7,-19.7,-19.5,138.4,80.9,9.2,885.2
2019/1/1 9:15,-0.5786,0.7,-19.5,-19.2,138.4,79.4,8.9,885.2
2019/1/1 9:30,-0.7903,0.7,-19,-18.3,224.1,77.1,8.8,885.3
2019/1/1 9:45,-0.9383,0.7,-18.7,-17.8,224.1,75.6,8.8,885.3
2019/1/1 10:00,-1.1173,0.8,-18.2,-16.9,302.6,73.7,8.8,885.4
2019/1/1 10:15,-1.3349,0.8,-17.9,-16.5,302.6,72.4,9,885.3
2019/1/1 10:30,-1.5406,0.8,-17.3,-15.6,370.9,70.5,9.3,885.3
2019/1/1 10:45,-1.6827,0.8,-16.9,-15.1,370.9,69.1,9.8,885.2
2019/1/1 11:00,-1.7967,0.8,-16.4,-14.3,426.9,67.5,10.4,885.2
2019/1/1 11:15,-1.921,0.8,-15.9,-13.8,426.9,66.2,11.4,885.1
2019/1/1 11:30,-2.0653,0.8,-15.4,-13.1,469.2,64.8,12.6,885.1
2019/1/1 11:45,-2.1785,0.8,-15,-12.6,469.2,63.6,14,885
2019/1/1 12:00,-2.2577,0.9,-14.6,-12,496.9,62.5,15.5,885
2019/1/1 12:15,-2.3361,0.9,-14.2,-11.6,496.9,61.5,17.3,884.9
2019/1/1 12:30,-2.3509,0.9,-13.7,-11.1,509.4,60.6,19.1,884.8
2019/1/1 12:45,-2.3672,0.9,-13.4,-10.8,509.4,59.7,21.3,884.6
2019/1/1 13:00,-2.4094,0.9,-13,-10.4,506.5,58.9,23.5,884.5
2019/1/1 13:15,-2.4634,0.9,-12.7,-10.1,506.5,58.2,25.7,884.4
2019/1/1 13:30,-2.4012,0.9,-12.4,-9.9,488.1,57.6,27.8,884.2
2019/1/1 13:45,-2.3576,1,-12.2,-9.7,488.1,57,29.7,884
2019/1/1 14:00,-2.3531,1,-12,-9.6,454.7,56.6,31.6,883.9
2019/1/1 14:15,-2.2725,1,-11.7,-9.4,454.7,56.1,33.5,883.8
2019/1/1 14:30,-2.1459,1,-11.6,-9.5,407,55.8,35.5,883.8
2019/1/1 14:45,-1.9928,1,-11.4,-9.4,407,55.4,37.4,883.8
2019/1/1 15:00,-1.8092,1,-11.4,-9.7,346,55.3,39.3,883.7
2019/1/1 15:15,-1.5865,1,-11.3,-9.6,346,54.9,41.3,883.7
2019/1/1 15:30,-1.3601,1,-11.3,-10.1,273.6,55,43.2,883.6
2019/1/1 15:45,-1.0766,1,-11.2,-10.1,273.6,54.8,45,883.6
2019/1/1 16:00,-0.791,1,-11.3,-10.7,192.1,55.1,46.8,883.6
2019/1/1 16:15,-0.5069,1,-11.3,-10.8,192.1,55.1,48.5,883.6
2019/1/1 16:30,-0.219,1,-11.5,-11.6,105.3,56.2,50.4,883.5
2019/1/1 16:45,-0.219,1,-11.6,-11.9,105.3,57.7,52.4,883.5
2019/1/2 7:45,-0.0392,0.8,-19.9,-20.8,0,93.6,70.1,881.6
2019/1/2 8:00,-0.0392,0.8,-19.9,-20.8,0,93.5,71.3,881.6
2019/1/2 8:15,-0.0392,1.5,-10.7,-11.7,0,79.4,51.9,878.1
2019/1/2 8:30,-0.0392,1.5,-10.5,-11.5,45,78.7,50.6,878.1
2019/1/2 8:45,-0.0392,1.5,-10.5,-11.4,45,78.8,50.4,878.3
2019/1/2 9:00,-0.1938,1.5,-9.8,-10.5,128.1,72.2,51.9,878.5
2019/1/2 9:15,-0.5135,1.5,-9.6,-10.2,128.1,69.7,54.8,878.6
2019/1/2 9:30,-0.9731,1.4,-9.2,-9.3,211.7,66.7,59.1,878.7
2019/1/2 9:45,-1.417,1.4,-9.1,-9.1,211.7,66,63.4,878.7
2019/1/2 10:00,-1.79,1.4,-8.9,-8.4,288.7,65,67.1,878.6
2019/1/2 10:15,-2.0224,1.4,-8.7,-8.2,288.7,64.5,69,878.6
2019/1/2 10:30,-2.2621,1.4,-8.3,-7.6,355.8,62.9,69.3,878.6
2019/1/2 10:45,-2.4878,1.4,-8,-7.2,355.8,61.2,70,878.5
2019/1/2 11:00,-2.7379,1.5,-7.4,-6.4,386.9,58.5,71.5,878.4
2019/1/2 11:15,-2.9229,1.4,-7,-6,386.9,56.8,73.1,878.3
2019/1/2 11:30,-3.051,1.4,-6.6,-5.5,383.8,55,73.1,878.1
2019/1/2 11:45,-3.1864,1.4,-6.4,-5.3,383.8,53.7,72.4,878
2019/1/2 12:00,-2.8763,1.4,-6.1,-4.9,407.6,52.6,71.8,878.1
2019/1/2 12:15,-3.2907,1.4,-6,-4.7,407.6,52,71.3,878.1
2019/1/2 12:30,-3.3299,1.4,-5.8,-4.5,405,51.4,71.6,878.1
2019/1/2 12:45,-3.2841,1.4,-5.7,-4.4,405,50.9,71.7,878.1
2019/1/2 13:00,-3.2959,1.4,-5.6,-4.2,411.6,50.3,70.9,878.1
2019/1/2 13:15,-3.3736,1.4,-5.4,-4.1,411.6,49.7,70,878.1
2019/1/2 13:30,-3.5483,1.4,-5.4,-4,415.7,49.1,68.5,878.2
2019/1/2 13:45,-3.4099,1.4,-5.3,-4,415.7,48.6,68,878.2
2019/1/2 14:00,-3.1649,1.4,-5.4,-4.2,391.6,48.4,69.2,878.3
2019/1/2 14:15,-3.0088,1.4,-5.4,-4.2,391.6,48,71.2,878.2
2019/1/2 14:30,-2.7838,1.4,-5.5,-4.5,327.5,48,71.5,878.2
2019/1/2 14:45,-2.5211,1.4,-5.5,-4.5,327.5,47.6,70.2,878.1
2019/1/2 15:00,-2.2148,1.4,-5.7,-4.9,298.8,47.6,68,878.2
2019/1/2 15:15,-1.8855,1.3,-5.8,-5,298.8,47.7,65.5,878.2
2019/1/2 15:30,-1.5288,1.3,-6.2,-5.8,262.4,48.7,62.8,878.3
2019/1/2 15:45,-1.1736,1.3,-6.5,-6.1,262.4,49.7,59.6,878.4
2019/1/2 16:00,-0.8191,1.3,-7,-6.8,182.3,51.4,55.6,878.5
2019/1/2 16:15,-0.461,1.3,-7.3,-7.2,182.3,52.7,51.5,878.7
2019/1/2 16:30,-0.1184,1.3,-7.8,-8,97.1,54.8,47.3,878.9
2019/1/2 16:45,-0.1184,1.3,-8.2,-8.3,97.1,56.2,42.9,879
2019/1/3 7:45,-0.0636,0.7,-19,-19.4,0,71.9,11.7,882.3
2019/1/3 8:00,-0.0636,0.7,-19,-19.5,0,72,11.3,882.3
2019/1/3 8:15,-0.0636,0.8,-20.5,-21,0,90.2,11.1,885.4
2019/1/3 8:30,-0.0636,0.8,-20.2,-20.5,52.4,86.2,10.3,885.3
2019/1/3 8:45,-0.256,0.7,-20.1,-20.4,52.4,84.8,9.6,885.2
2019/1/3 9:00,-0.4595,0.7,-19.7,-19.5,138.4,80.9,9.2,885.2
2019/1/3 9:15,-0.8213,0.7,-19.5,-19.2,138.4,79.4,8.9,885.2
2019/1/3 9:30,-1.1469,0.7,-19,-18.3,224.1,77.1,8.8,885.3
2019/1/3 9:45,-1.3134,0.7,-18.7,-17.8,224.1,75.6,8.8,885.3
2019/1/3 10:00,-1.8359,0.8,-18.2,-16.9,302.6,73.7,8.8,885.4
2019/1/3 10:15,-2.453,0.8,-17.9,-16.5,302.6,72.4,9,885.3
2019/1/3 10:30,-3.0295,0.8,-17.3,-15.6,370.9,70.5,9.3,885.3
2019/1/3 10:45,-3.4587,0.8,-16.9,-15.1,370.9,69.1,9.8,885.2
2019/1/3 11:00,-3.7754,0.8,-16.4,-14.3,426.9,67.5,10.4,885.2
2019/1/3 11:15,-4.1802,0.8,-15.9,-13.8,426.9,66.2,11.4,885.1
2019/1/3 11:30,-4.4762,0.8,-15.4,-13.1,469.2,64.8,12.6,885.1
2019/1/3 11:45,-4.7559,0.8,-15,-12.6,469.2,63.6,14,885
2019/1/3 12:00,-4.9942,0.9,-14.6,-12,496.9,62.5,15.5,885
2019/1/3 12:15,-5.1511,0.9,-14.2,-11.6,496.9,61.5,17.3,884.9
2019/1/3 12:30,-5.2155,0.9,-13.7,-11.1,509.4,60.6,19.1,884.8
2019/1/3 12:45,-5.2458,0.9,-13.4,-10.8,509.4,59.7,21.3,884.6
2019/1/3 13:00,-5.3716,0.9,-13,-10.4,506.5,58.9,23.5,884.5
2019/1/3 13:15,-5.5559,0.9,-12.7,-10.1,506.5,58.2,25.7,884.4
2019/1/3 13:30,-5.7468,0.9,-12.4,-9.9,488.1,57.6,27.8,884.2
2019/1/3 13:45,-5.6883,1,-12.2,-9.7,488.1,57,29.7,884
2019/1/3 14:00,-5.5869,1,-12,-9.6,454.7,56.6,31.6,883.9
2019/1/3 14:15,-5.2155,1,-11.7,-9.4,454.7,56.1,33.5,883.8
2019/1/3 14:30,-5.2392,1,-11.6,-9.5,407,55.8,35.5,883.8
2019/1/3 14:45,-4.8544,1,-11.4,-9.4,407,55.4,37.4,883.8
2019/1/3 15:00,-4.2734,1,-11.4,-9.7,346,55.3,39.3,883.7
2019/1/3 15:15,-3.7125,1,-11.3,-9.6,346,54.9,41.3,883.7
2019/1/3 15:30,-3.122,1,-11.3,-10.1,273.6,55,43.2,883.6
2019/1/3 15:45,-2.49,1,-11.2,-10.1,273.6,54.8,45,883.6
2019/1/3 16:00,-2.0142,1,-11.3,-10.7,192.1,55.1,46.8,883.6
2019/1/3 16:15,-1.4452,1,-11.3,-10.8,192.1,55.1,48.5,883.6
2019/1/3 16:30,-0.609,1,-11.5,-11.6,105.3,56.2,50.4,883.5
2019/1/3 16:45,-0.409,1,-11.6,-11.9,105.3,57.7,52.4,883.5
2019/1/4 7:45,-0.0783,0.8,-19.9,-20.8,0,93.6,70.1,881.6
2019/1/4 8:00,-0.1083,0.8,-19.9,-20.8,0,93.5,71.3,881.6
2019/1/4 8:15,-0.1383,0.7,-20.7,-21.5,0,83,29.9,882.9
2019/1/4 8:30,-0.7466,0.7,-20.2,-20.9,57.2,79.8,31.4,882.9
2019/1/4 8:45,-1.5169,0.7,-20,-20.7,57.2,77.7,32.7,882.9
2019/1/4 9:00,-2.1326,0.7,-19.2,-19.6,144.8,70.6,34,883
2019/1/4 9:15,-2.8297,0.7,-18.9,-19.1,144.8,68.9,35,883
2019/1/4 9:30,-3.3647,0.7,-18.3,-18.1,231.4,65.4,35.9,883
2019/1/4 9:45,-3.9308,0.7,-17.8,-17.6,231.4,63.6,36.6,882.9
2019/1/4 10:00,-4.4629,0.7,-17.2,-16.5,310.6,60.7,37.2,882.8
2019/1/4 10:15,-4.9224,0.7,-16.6,-16,310.6,58.6,37.8,882.8
2019/1/4 10:30,-5.4101,0.7,-16,-15.1,379.4,56.3,38.3,882.7
2019/1/4 10:45,-5.732,0.7,-15.5,-14.5,379.4,54.8,38.6,882.6
2019/1/4 11:00,-6.1264,0.7,-14.8,-13.7,435.8,53,38.8,882.5
2019/1/4 11:15,-6.2899,0.7,-14.3,-13.2,435.8,51.7,39,882.4
2019/1/4 11:30,-6.6348,0.7,-13.8,-12.5,478.4,50.4,39,882.3
2019/1/4 11:45,-6.893,0.8,-13.4,-12.1,478.4,49.5,39.1,882.1
2019/1/4 12:00,-7.1121,0.8,-12.9,-11.5,506.2,48.6,39.4,881.9
2019/1/4 12:15,-7.2046,0.8,-12.5,-11.1,506.2,47.9,39.9,881.8
2019/1/4 12:30,-7.2571,0.8,-12.1,-10.6,518.8,47.2,40.5,881.7
2019/1/4 12:45,-7.3407,0.8,-11.7,-10.3,518.8,46.6,41.2,881.6
2019/1/4 13:00,-7.2838,0.8,-11.4,-10,515.7,46,41.5,881.5
2019/1/4 13:15,-7.2002,0.8,-11.1,-9.7,515.7,45.5,41.4,881.4
2019/1/4 13:30,-7.0381,0.8,-10.9,-9.5,497.1,45.2,41,881.4
2019/1/4 13:45,-6.8035,0.9,-10.6,-9.3,497.1,44.9,40.3,881.3
2019/1/4 14:00,-6.4646,0.9,-10.5,-9.3,463.5,44.9,39.4,881.3
2019/1/4 14:15,-6.2278,0.9,-10.3,-9.1,463.5,44.7,38.2,881.3
2019/1/4 14:30,-5.8733,0.9,-10.2,-9.3,415.5,44.7,36.9,881.3
2019/1/4 14:45,-5.4537,0.9,-10.1,-9.2,415.5,44.7,35.7,881.3
2019/1/4 15:00,-4.8773,0.9,-10.2,-9.5,354.3,45.1,34.4,881.3
2019/1/4 15:15,-4.457,0.9,-10.1,-9.4,354.3,45.2,33.1,881.2
2019/1/4 15:30,-3.9012,0.9,-10.2,-9.9,281.4,45.9,32,881.2
2019/1/4 15:45,-3.2892,0.9,-10.2,-10,281.4,46.1,30.9,881.2
2019/1/4 16:00,-2.624,0.9,-10.5,-10.5,199.1,47.2,29.6,881.2
2019/1/4 16:15,-1.9439,0.9,-10.5,-10.7,199.1,47.6,28.2,881.3
2019/1/4 16:30,-1.0397,0.9,-10.9,-11.4,111.2,49.9,26.5,881.3
2019/1/4 16:45,-0.3477,0.9,-11.1,-11.7,111.2,51,24.6,881.3
2019/1/5 7:45,-0.1035,0.8,-20.4,-21.2,0,88.4,60.5,881.1
2019/1/5 8:00,-0.1235,0.8,-20.3,-21,0,88.3,62.9,881.1
2019/1/5 8:15,-0.1535,0.8,-20.5,-21,0,90.2,11.1,885.4
2019/1/5 8:30,-0.1835,0.8,-20.2,-20.5,52.4,86.2,10.3,885.3
2019/1/5 8:45,-0.5283,0.7,-20.1,-20.4,52.4,84.8,9.6,885.2
2019/1/5 9:00,-0.8687,0.7,-19.7,-19.5,138.4,80.9,9.2,885.2
2019/1/5 9:15,-1.3334,0.7,-19.5,-19.2,138.4,79.4,8.9,885.2
2019/1/5 9:30,-1.679,0.7,-19,-18.3,224.1,77.1,8.8,885.3
2019/1/5 9:45,-2.1171,0.7,-18.7,-17.8,224.1,75.6,8.8,885.3
2019/1/5 10:00,-3.2626,0.8,-18.2,-16.9,302.6,73.7,8.8,885.4
2019/1/5 10:15,-4.7337,0.8,-17.9,-16.5,302.6,72.4,9,885.3
2019/1/5 10:30,-5.641,0.8,-17.3,-15.6,370.9,70.5,9.3,885.3
2019/1/5 10:45,-4.7537,0.8,-16.9,-15.1,370.9,69.1,9.8,885.2
2019/1/5 11:00,-4.5176,0.8,-16.4,-14.3,426.9,67.5,10.4,885.2
2019/1/5 11:15,-5.2229,0.8,-15.9,-13.8,426.9,66.2,11.4,885.1
2019/1/5 11:30,-6.0346,0.8,-15.4,-13.1,469.2,64.8,12.6,885.1
2019/1/5 11:45,-5.5936,0.8,-15,-12.6,469.2,63.6,14,885
2019/1/5 12:00,-7.4932,0.9,-14.6,-12,496.9,62.5,15.5,885
2019/1/5 12:15,-8.3597,0.9,-14.2,-11.6,496.9,61.5,17.3,884.9
2019/1/5 12:30,-8.3005,0.9,-13.7,-11.1,509.4,60.6,19.1,884.8
2019/1/5 12:45,-7.1609,0.9,-13.4,-10.8,509.4,59.7,21.3,884.6
2019/1/5 13:00,-4.5169,0.9,-13,-10.4,506.5,58.9,23.5,884.5
2019/1/5 13:15,-4.1573,0.9,-12.7,-10.1,506.5,58.2,25.7,884.4
2019/1/5 13:30,-4.8995,0.9,-12.4,-9.9,488.1,57.6,27.8,884.2
2019/1/5 13:45,-4.7722,1,-12.2,-9.7,488.1,57,29.7,884
2019/1/5 14:00,-4.6013,1,-12,-9.6,454.7,56.6,31.6,883.9
2019/1/5 14:15,-3.398,1,-11.7,-9.4,454.7,56.1,33.5,883.8
2019/1/5 14:30,-2.9126,1,-11.6,-9.5,407,55.8,35.5,883.8
2019/1/5 14:45,-2.2954,1,-11.4,-9.4,407,55.4,37.4,883.8
2019/1/5 15:00,-1.329,1,-11.4,-9.7,346,55.3,39.3,883.7
2019/1/5 15:15,-1.3208,1,-11.3,-9.6,346,54.9,41.3,883.7
2019/1/5 15:30,-1.1092,1,-11.3,-10.1,273.6,55,43.2,883.6
2019/1/5 15:45,-0.9886,1,-11.2,-10.1,273.6,54.8,45,883.6
2019/1/5 16:00,-0.734,1,-11.3,-10.7,192.1,55.1,46.8,883.6
2019/1/5 16:15,-0.4602,1,-11.3,-10.8,192.1,55.1,48.5,883.6
2019/1/5 16:30,-0.2382,1,-11.5,-11.6,105.3,56.2,50.4,883.5
2019/1/5 16:45,-0.1382,1,-11.6,-11.9,105.3,57.7,52.4,883.5
2019/1/6 7:45,-0.11,0.8,-19.9,-20.8,0,93.6,70.1,881.6
2019/1/6 8:00,-0.201,0.8,-19.9,-20.8,0,93.5,71.3,881.6
2019/1/6 8:15,-0.301,0.7,-20.7,-21.5,0,83,29.9,882.9
2019/1/6 8:30,-0.401,0.7,-20.2,-20.9,57.2,79.8,31.4,882.9
2019/1/6 8:45,-0.9812,0.7,-20,-20.7,57.2,77.7,32.7,882.9
2019/1/6 9:00,-1.6346,0.7,-19.2,-19.6,144.8,70.6,34,883
2019/1/6 9:15,-2.7091,0.7,-18.9,-19.1,144.8,68.9,35,883
2019/1/6 9:30,-1.4385,0.7,-18.3,-18.1,231.4,65.4,35.9,883
2019/1/6 9:45,-2.1763,0.7,-17.8,-17.6,231.4,63.6,36.6,882.9
2019/1/6 10:00,-3.5786,0.7,-17.2,-16.5,310.6,60.7,37.2,882.8
2019/1/6 10:15,-5.0201,0.7,-16.6,-16,310.6,58.6,37.8,882.8
2019/1/6 10:30,-5.7808,0.7,-16,-15.1,379.4,56.3,38.3,882.7
2019/1/6 10:45,-6.7932,0.7,-15.5,-14.5,379.4,54.8,38.6,882.6
2019/1/6 11:00,-8.2058,0.7,-14.8,-13.7,435.8,53,38.8,882.5
2019/1/6 11:15,-6.4276,0.7,-14.3,-13.2,435.8,51.7,39,882.4
2019/1/6 11:30,-8.7682,0.7,-13.8,-12.5,478.4,50.4,39,882.3
2019/1/6 11:45,-9.7798,0.8,-13.4,-12.1,478.4,49.5,39.1,882.1
2019/1/6 12:00,-10.4857,0.8,-12.9,-11.5,506.2,48.6,39.4,881.9
2019/1/6 12:15,-10.7233,0.8,-12.5,-11.1,506.2,47.9,39.9,881.8
2019/1/6 12:30,-10.9867,0.8,-12.1,-10.6,518.8,47.2,40.5,881.7
2019/1/6 12:45,-11.242,0.8,-11.7,-10.3,518.8,46.6,41.2,881.6
2019/1/6 13:00,-10.9475,0.8,-11.4,-10,515.7,46,41.5,881.5
2019/1/6 13:15,-11.1843,0.8,-11.1,-9.7,515.7,45.5,41.4,881.4
2019/1/6 13:30,-11.376,0.8,-10.9,-9.5,497.1,45.2,41,881.4
2019/1/6 13:45,-10.9401,0.9,-10.6,-9.3,497.1,44.9,40.3,881.3
2019/1/6 14:00,-10.6952,0.9,-10.5,-9.3,463.5,44.9,39.4,881.3
2019/1/6 14:15,-10.0847,0.9,-10.3,-9.1,463.5,44.7,38.2,881.3
2019/1/6 14:30,-9.1745,0.9,-10.2,-9.3,415.5,44.7,36.9,881.3
2019/1/6 14:45,-8.3871,0.9,-10.1,-9.2,415.5,44.7,35.7,881.3
2019/1/6 15:00,-7.8832,0.9,-10.2,-9.5,354.3,45.1,34.4,881.3
2019/1/6 15:15,-7.0026,0.9,-10.1,-9.4,354.3,45.2,33.1,881.2
2019/1/6 15:30,-5.9895,0.9,-10.2,-9.9,281.4,45.9,32,881.2
2019/1/6 15:45,-4.6856,0.9,-10.2,-10,281.4,46.1,30.9,881.2
2019/1/6 16:00,-3.1975,0.9,-10.5,-10.5,199.1,47.2,29.6,881.2
2019/1/6 16:15,-2.4753,0.9,-10.5,-10.7,199.1,47.6,28.2,881.3
2019/1/6 16:30,-1.7656,0.9,-10.9,-11.4,111.2,49.9,26.5,881.3
2019/1/6 16:45,-0.7511,0.9,-11.1,-11.7,111.2,51,24.6,881.3
2019/1/7 7:45,-0.2393,0.8,-20.4,-21.2,0,88.4,60.5,881.1
2019/1/7 8:00,-0.4393,0.8,-20.3,-21,0,88.3,62.9,881.1
2019/1/7 8:15,-0.6393,0.9,-19.1,-20.2,0,89.5,28.3,880.2
2019/1/7 8:30,-1.8241,0.9,-18.5,-19.5,60.6,87.7,28.6,880.3
2019/1/7 8:45,-3.1294,0.9,-18.3,-19.3,60.6,86.9,28.9,880.4
2019/1/7 9:00,-4.269,0.9,-17.5,-18.2,148.2,82.4,29.2,880.5
2019/1/7 9:15,-5.6587,0.9,-17.1,-17.6,148.2,79,29.5,880.5
2019/1/7 9:30,-5.5699,0.9,-16.3,-16.5,234.7,73.8,29.8,880.6
2019/1/7 9:45,-3.4054,0.9,-15.9,-15.9,234.7,71.4,30.1,880.5
2019/1/7 10:00,-4.4266,0.9,-15.2,-14.9,313.9,68.2,30.3,880.5
2019/1/7 10:15,-4.9328,0.9,-14.8,-14.3,313.9,66.3,30.5,880.6
2019/1/7 10:30,-6.5675,0.9,-14.2,-13.4,383.7,64,30.6,880.6
2019/1/7 10:45,-8.8074,0.9,-13.8,-12.9,383.7,62.3,30.7,880.5
2019/1/7 11:00,-8.5181,0.9,-13.2,-12,432.9,60.1,30.9,880.5
2019/1/7 11:15,-9.6784,0.9,-12.8,-11.5,432.9,58.4,31.1,880.5
2019/1/7 11:30,-10.4465,0.9,-12.3,-10.8,474,56.6,31.3,880.4
2019/1/7 11:45,-10.3999,1,-11.8,-10.4,474,55.2,31.6,880.4
2019/1/7 12:00,-11.1591,1,-11.4,-9.8,505.1,53.9,32,880.3
2019/1/7 12:15,-12.5489,1,-11.1,-9.5,505.1,52.8,32.4,880.2
2019/1/7 12:30,-13.1993,1,-10.8,-9.2,523.6,51.9,32.7,880.1
2019/1/7 12:45,-12.7716,1,-10.5,-8.9,523.6,51.2,33,880.1
2019/1/7 13:00,-12.4282,1,-10.3,-8.7,520.4,50.4,33.2,880
2019/1/7 13:15,-12.6236,1,-10,-8.5,520.4,49.7,33.4,880
2019/1/7 13:30,-11.8644,1,-9.9,-8.4,501.9,49.2,33.6,879.9
2019/1/7 13:45,-11.7852,1,-9.7,-8.3,501.9,48.8,33.8,879.9
2019/1/7 14:00,-11.168,1,-9.7,-8.4,468.5,48.8,34,879.8
2019/1/7 14:15,-10.7706,1,-9.6,-8.3,468.5,48.6,34.2,879.8
2019/1/7 14:30,-10.5227,1,-9.6,-8.5,420.5,48.9,34.4,879.8
2019/1/7 14:45,-9.5223,1,-9.6,-8.5,420.5,48.9,34.7,879.7
2019/1/7 15:00,-8.897,1,-9.7,-8.8,359.3,49.4,35,879.7
2019/1/7 15:15,-8.4648,1,-9.7,-8.9,359.3,49.5,35.2,879.8
2019/1/7 15:30,-5.6928,1,-9.9,-9.4,285.7,50.3,35.4,879.8
2019/1/7 15:45,-4.4866,1,-10,-9.5,285.7,50.7,35.7,879.8
2019/1/7 16:00,-5.0231,1,-10.3,-10.2,203.5,52,36.1,879.9
2019/1/7 16:15,-3.3211,1,-10.4,-10.4,203.5,52.7,36.6,880
2019/1/7 16:30,-1.9454,1,-10.8,-11.1,115.5,54.7,36.9,880
2019/1/7 16:45,-0.4602,1,-11,-11.4,115.5,55.7,37,880.1
2019/1/8 7:45,-0.3406,0.8,-20.5,-21.3,0,89.4,12.2,883.8
2019/1/8 8:00,-0.5406,0.8,-20.6,-21.4,0,90,11.6,883.8
2019/1/8 8:15,-0.8406,0.8,-20.1,-20.8,0,89.3,7,882.2
2019/1/8 8:30,-2.1948,0.8,-19.7,-20.2,48.4,87.3,7.1,882.3
2019/1/8 8:45,-3.6592,0.8,-19.5,-20,48.4,86.3,7.3,882.3
2019/1/8 9:00,-4.8736,0.8,-18.7,-18.8,136.5,80.7,7.6,882.4
2019/1/8 9:15,-6.0517,0.8,-18.3,-18.3,136.5,78.4,8,882.4
2019/1/8 9:30,-7.104,0.8,-17.6,-17.2,225,74.4,8.3,882.5
2019/1/8 9:45,-8.0356,0.8,-17.2,-16.6,225,72.5,8.8,882.6
2019/1/8 10:00,-8.9325,0.8,-16.6,-15.6,306.5,69.6,9.3,882.6
2019/1/8 10:15,-9.7317,0.8,-16.1,-15,306.5,67.6,9.8,882.7
2019/1/8 10:30,-10.3873,0.8,-15.5,-14,377.9,64.8,10.3,882.7
2019/1/8 10:45,-11.0896,0.8,-15,-13.5,377.9,62.9,10.7,882.6
2019/1/8 11:00,-11.6934,0.9,-14.4,-12.6,437.1,60.5,11,882.7
2019/1/8 11:15,-12.1182,0.9,-14,-12.1,437.1,58.5,11.3,882.7
2019/1/8 11:30,-12.3402,0.9,-13.4,-11.3,482.7,56.3,11.4,882.7
2019/1/8 11:45,-12.5244,0.9,-13,-10.8,482.7,54.7,11.6,882.5
2019/1/8 12:00,-12.7398,0.9,-12.5,-10.2,513.7,52.9,11.8,882.5
2019/1/8 12:15,-12.9248,0.9,-12.1,-9.7,513.7,51.4,12.1,882.4
2019/1/8 12:30,-13.0195,0.9,-11.7,-9.2,529.3,49.8,12.3,882.3
2019/1/8 12:45,-12.9795,0.9,-11.4,-8.8,529.3,48.4,12.5,882.2
2019/1/8 13:00,-12.9004,0.9,-11,-8.5,529.3,47.1,12.6,882.1
2019/1/8 13:15,-12.7657,0.9,-10.7,-8.1,529.3,45.9,12.8,882
2019/1/8 13:30,-12.4334,0.9,-10.5,-7.9,513.6,44.9,12.9,881.9
2019/1/8 13:45,-12.204,0.9,-10.2,-7.6,513.6,43.8,13.2,881.9
2019/1/8 14:00,-11.76,0.9,-10,-7.5,482.5,42.9,13.3,881.8
2019/1/8 14:15,-11.2206,0.9,-9.8,-7.3,482.5,42,13.4,881.9
2019/1/8 14:30,-10.4421,0.9,-9.7,-7.4,436.7,41.4,13.6,881.9
2019/1/8 14:45,-9.8175,0.9,-9.5,-7.2,436.7,40.6,13.8,881.9
2019/1/8 15:00,-9.0287,0.8,-9.4,-7.4,377.3,40.2,13.9,881.9
2019/1/8 15:15,-8.1991,0.8,-9.3,-7.3,377.3,39.6,14,882
2019/1/8 15:30,-7.1735,0.8,-9.3,-7.7,305.9,39.5,14,882
2019/1/8 15:45,-6.0761,0.8,-9.3,-7.7,305.9,39.2,14,882
2019/1/8 16:00,-4.9365,0.8,-9.4,-8.3,224.5,39.4,14.1,882
2019/1/8 16:15,-3.7473,0.8,-9.4,-8.4,224.5,39.3,14.4,882
2019/1/8 16:30,-2.4427,0.8,-9.6,-9.1,136.3,40.3,14.8,882
2019/1/8 16:45,-1.1351,0.9,-9.6,-9.4,136.3,40.8,15.2,882
2019/1/9 7:45,-0.102,0.9,-15.7,-18,0,69.4,43.4,879.2
2019/1/9 8:00,-0.112,0.9,-15.8,-18.2,0,69.1,51.4,879.1
2019/1/9 8:15,-0.122,0.9,-15.5,-17,0,66.6,76.4,878
2019/1/9 8:30,-0.222,0.9,-15.1,-16.4,27.3,67.4,76.1,877.9
2019/1/9 8:45,-0.5224,0.9,-14.9,-16.1,27.3,68,75.9,877.9
2019/1/9 9:00,-0.8458,1,-14.3,-15,95.3,70.1,75.9,877.9
2019/1/9 9:15,-0.9116,1.1,-13.9,-14.4,95.3,71.8,75.4,877.6
2019/1/9 9:30,-1.1396,0.9,-12.9,-12.9,203.6,53.3,74.9,877.6
2019/1/9 9:45,-2.6129,0.8,-12.5,-12.2,203.6,49,74.8,877.5
2019/1/9 10:00,-4.4792,0.9,-11.8,-11.1,295.6,48.2,74.5,877.6
2019/1/9 10:15,-6.4816,0.9,-11.1,-10.4,295.6,48.9,74,877.6
2019/1/9 10:30,-4.3149,1,-10.2,-9.2,363.3,49.8,72,877.5
2019/1/9 10:45,-5.9843,1.1,-9.6,-8.5,363.3,51.8,68.3,877.3
2019/1/9 11:00,-5.2702,1.2,-8.8,-7.4,419.2,53.8,65.5,877.3
2019/1/9 11:15,-10.4813,1.3,-8.1,-6.7,419.2,56.7,63.4,877.1
2019/1/9 11:30,-9.9655,1.5,-7.2,-5.6,462.1,59.9,60.7,877.1
2019/1/9 11:45,-11.4389,1.7,-6.3,-4.8,462.1,62.9,58.4,877
2019/1/9 12:00,-5.749,1.8,-5.5,-3.8,491.6,63.8,55.5,876.9
2019/1/9 12:15,-5.635,1.9,-4.8,-3.2,491.6,63.1,51.4,876.7
2019/1/9 12:30,-8.5928,2,-4.1,-2.4,507.1,60.8,46.7,876.6
2019/1/9 12:45,-8.3716,1.9,-3.5,-1.9,507.1,58.2,42,876.4
2019/1/9 13:00,-5.4271,1.9,-3.1,-1.4,507.7,55.5,37.8,876.3
2019/1/9 13:15,-10.0928,1.9,-2.6,-1,507.7,53,34.2,876
2019/1/9 13:30,-11.706,1.9,-2.3,-0.7,492.1,50.7,30.8,875.8
2019/1/9 13:45,-10.4539,1.8,-1.9,-0.4,492.1,48.8,27.4,875.7
2019/1/9 14:00,-10.6648,1.8,-1.7,-0.3,457.5,47.4,24.5,875.5
2019/1/9 14:15,-8.8274,1.8,-1.4,-0.1,457.5,46,22.1,875.2
2019/1/9 14:30,-8.9436,1.8,-1.3,-0.2,419.4,45.2,20.8,875
2019/1/9 14:45,-7.2771,1.8,-1.2,-0.1,419.4,44.3,20.3,874.9
2019/1/9 15:00,-5.271,1.8,-1.2,-0.4,364.3,44.3,20.5,874.7
2019/1/9 15:15,-5.086,1.8,-1,-0.3,364.3,44,20.8,874.5
2019/1/9 15:30,-5.5485,1.8,-1.2,-0.8,295.6,44.8,21.1,874.5
2019/1/9 15:45,-4.3245,1.8,-1.1,-0.8,295.6,44.9,21.1,874.4
2019/1/9 16:00,-3.267,1.8,-1.4,-1.5,217.1,46.9,21,874.4
2019/1/9 16:15,-2.2392,1.9,-1.4,-1.6,217.1,48.5,20.7,874.3
2019/1/9 16:30,-1.3645,2.2,-2,-2.5,132.2,57.4,20.7,874.4
2019/1/9 16:45,-0.5083,2.2,-2.4,-2.8,132.2,61.2,21.1,874.4
2019/1/10 7:45,-0.1285,1.2,-15.2,-17.1,0,89.8,19.5,875
2019/1/10 8:00,-0.2285,1.2,-15.2,-17.2,0,89.8,18.8,875.1
2019/1/10 8:15,-0.3285,1.1,-16.2,-17.7,0,93.3,24.6,874.3
2019/1/10 8:30,-1.178,1.2,-15.8,-17.1,46.6,92.8,24.4,874.4
2019/1/10 8:45,-2.3517,1.2,-15.7,-16.9,46.6,92.7,23.6,874.4
2019/1/10 9:00,-3.583,1.3,-14.8,-15.7,131.5,91.2,23.6,874.5
2019/1/10 9:15,-4.5362,1.3,-14.4,-15.1,131.5,90.4,24.6,874.4
2019/1/10 9:30,-5.5314,1.4,-13.2,-13.5,217.1,86.5,25.6,874.5
2019/1/10 9:45,-6.6074,1.4,-12.6,-12.7,217.1,82.8,27.1,874.5
2019/1/10 10:00,-7.585,1.4,-11.7,-11.3,296.3,75.7,29,874.6
2019/1/10 10:15,-8.5351,1.4,-11.1,-10.5,296.3,73.2,31.4,874.7
2019/1/10 10:30,-7.5738,1.4,-10.1,-9.2,365.5,69.1,33.7,874.7
2019/1/10 10:45,-9.8183,1.4,-9.5,-8.4,365.5,66.8,35.9,874.7
2019/1/10 11:00,-10.3392,1.4,-8.7,-7.3,423.1,64.2,38.3,874.6
2019/1/10 11:15,-11.2805,1.5,-8,-6.6,423.1,62.2,40.6,874.5
2019/1/10 11:30,-11.7193,1.5,-7.3,-5.7,467.8,60.2,43.2,874.4
2019/1/10 11:45,-11.8252,1.6,-6.7,-5.1,467.8,58.8,44.7,874.2
2019/1/10 12:00,-11.1362,1.6,-6.1,-4.3,498.3,57.3,45.5,874.1
2019/1/10 12:15,-10.4968,1.6,-5.5,-3.7,498.3,56.3,45.9,874
2019/1/10 12:30,-11.7415,1.7,-4.9,-3.1,514,55.2,46.1,873.9
2019/1/10 12:45,-11.911,1.7,-4.3,-2.6,514,54.1,46.4,873.7
2019/1/10 13:00,-11.931,1.8,-3.7,-2,514.5,53,46.6,873.7
2019/1/10 13:15,-11.7497,1.8,-3.2,-1.6,514.5,52.1,46.6,873.7
2019/1/10 13:30,-11.4788,1.8,-2.8,-1.3,499.8,51.4,46.7,873.6
2019/1/10 13:45,-10.8439,1.9,-2.4,-0.9,499.8,50.7,47.2,873.5
2019/1/10 14:00,-10.3725,1.9,-2.1,-0.8,470.3,50.2,47.7,873.4
2019/1/10 14:15,-9.6673,1.9,-1.8,-0.5,470.3,49.5,48.3,873.4
2019/1/10 14:30,-9.0043,1.9,-1.7,-0.6,426.6,49.4,49,873.3
2019/1/10 14:45,-8.2628,1.9,-1.5,-0.5,426.6,49.1,49.4,873.3
2019/1/10 15:00,-7.3555,1.9,-1.5,-0.8,369.8,49.5,49.4,873.2
2019/1/10 15:15,-6.4061,1.9,-1.5,-0.7,369.8,49.4,48.7,873.2
2019/1/10 15:30,-5.5204,1.9,-1.6,-1.2,301.2,50.2,47.7,873.1
2019/1/10 15:45,-4.5961,2,-1.6,-1.2,301.2,50.3,46.7,873.1
2019/1/10 16:00,-3.5342,2,-1.8,-1.8,222.5,52,45.6,873.1
2019/1/10 16:15,-2.6062,2,-1.9,-1.9,222.5,52.6,44.2,873.1
2019/1/10 16:30,-1.1336,2.2,-2.4,-2.8,136.9,58.7,42.7,873
2019/1/10 16:45,-0.1021,2.2,-2.7,-3.1,136.9,61.7,41.7,873
2019/1/11 7:45,-0.0177,1.4,-12.4,-15.8,0,84.7,37,873.4
2019/1/11 8:00,-0.0377,1.4,-12.5,-16,0,84.7,35.3,873.4
2019/1/11 8:15,-0.0577,0.9,-15.5,-17,0,66.6,76.4,878
2019/1/11 8:30,-0.3759,0.9,-15.1,-16.4,27.3,67.4,76.1,877.9
2019/1/11 8:45,-1.787,0.9,-14.9,-16.1,27.3,68,75.9,877.9
2019/1/11 9:00,-2.9274,1,-14.3,-15,95.3,70.1,75.9,877.9
2019/1/11 9:15,-3.9412,1.1,-13.9,-14.4,95.3,71.8,75.4,877.6
2019/1/11 9:30,-4.975,0.9,-12.9,-12.9,203.6,53.3,74.9,877.6
2019/1/11 9:45,-6.0354,0.8,-12.5,-12.2,203.6,49,74.8,877.5
2019/1/11 10:00,-6.7902,0.9,-11.8,-11.1,295.6,48.2,74.5,877.6
2019/1/11 10:15,-7.5457,0.9,-11.1,-10.4,295.6,48.9,74,877.6
2019/1/11 10:30,-8.0097,1,-10.2,-9.2,363.3,49.8,72,877.5
2019/1/11 10:45,-8.7342,1.1,-9.6,-8.5,363.3,51.8,68.3,877.3
2019/1/11 11:00,-9.358,1.2,-8.8,-7.4,419.2,53.8,65.5,877.3
2019/1/11 11:15,-9.8109,1.3,-8.1,-6.7,419.2,56.7,63.4,877.1
2019/1/11 11:30,-10.1298,1.5,-7.2,-5.6,462.1,59.9,60.7,877.1
2019/1/11 11:45,-10.5923,1.7,-6.3,-4.8,462.1,62.9,58.4,877
2019/1/11 12:00,-10.8602,1.8,-5.5,-3.8,491.6,63.8,55.5,876.9
2019/1/11 12:15,-11.0208,1.9,-4.8,-3.2,491.6,63.1,51.4,876.7
2019/1/11 12:30,-11.0888,2,-4.1,-2.4,507.1,60.8,46.7,876.6
2019/1/11 12:45,-11.1584,1.9,-3.5,-1.9,507.1,58.2,42,876.4
2019/1/11 13:00,-10.9342,1.9,-3.1,-1.4,507.7,55.5,37.8,876.3
2019/1/11 13:15,-10.5486,1.9,-2.6,-1,507.7,53,34.2,876
2019/1/11 13:30,-10.1861,1.9,-2.3,-0.7,492.1,50.7,30.8,875.8
2019/1/11 13:45,-9.5119,1.8,-1.9,-0.4,492.1,48.8,27.4,875.7
2019/1/11 14:00,-9.0568,1.8,-1.7,-0.3,457.5,47.4,24.5,875.5
2019/1/11 14:15,-8.5928,1.8,-1.4,-0.1,457.5,46,22.1,875.2
2019/1/11 14:30,-8.1104,1.8,-1.3,-0.2,419.4,45.2,20.8,875
2019/1/11 14:45,-7.7944,1.8,-1.2,-0.1,419.4,44.3,20.3,874.9
2019/1/11 15:00,-7.2194,1.8,-1.2,-0.4,364.3,44.3,20.5,874.7
2019/1/11 15:15,-6.4831,1.8,-1,-0.3,364.3,44,20.8,874.5
2019/1/11 15:30,-5.5566,1.8,-1.2,-0.8,295.6,44.8,21.1,874.5
2019/1/11 15:45,-4.5783,1.8,-1.1,-0.8,295.6,44.9,21.1,874.4
2019/1/11 16:00,-3.4927,1.8,-1.4,-1.5,217.1,46.9,21,874.4
2019/1/11 16:15,-2.51,1.9,-1.4,-1.6,217.1,48.5,20.7,874.3
2019/1/11 16:30,-1.46,2.2,-2,-2.5,132.2,57.4,20.7,874.4
2019/1/11 16:45,-0.6467,2.2,-2.4,-2.8,132.2,61.2,21.1,874.4
2019/1/12 7:45,-0.0162,1.2,-15.2,-17.1,0,89.8,19.5,875
2019/1/12 8:00,-0.02262,1.2,-15.2,-17.2,0,89.8,18.8,875.1
2019/1/12 8:15,-0.0562,1.4,-14,-15.5,0,92,64.3,871.2
2019/1/12 8:30,-0.646,1.4,-13.7,-15,68.7,91.2,60.6,871.4
2019/1/12 8:45,-2.0757,1.4,-13.5,-14.8,68.7,91.1,58.2,871.5
2019/1/12 9:00,-2.6299,1.5,-12.8,-13.7,157.3,89.8,56.6,871.7
2019/1/12 9:15,-0.8458,1.5,-12.4,-13.2,157.3,89.3,54.7,871.7
2019/1/12 9:30,-4.0603,1.5,-11.4,-11.9,244.4,82.4,51.3,871.7
2019/1/12 9:45,-4.9742,1.5,-11,-11.3,244.4,79,47.2,871.7
2019/1/12 10:00,-5.638,1.5,-10.3,-10.1,323.8,75.1,43.2,871.8
2019/1/12 10:15,-7.1165,1.5,-9.8,-9.5,323.8,72.5,40.2,871.9
2019/1/12 10:30,-7.7707,1.5,-9.3,-8.6,392.7,69.1,38,871.9
2019/1/12 10:45,-8.4086,1.5,-8.9,-8.1,392.7,66.6,36.5,871.9
2019/1/12 11:00,-9.1123,1.5,-8.4,-7.3,449.4,63.7,35,871.9
2019/1/12 11:15,-9.9766,1.5,-8,-7,449.4,61.6,33.8,872
2019/1/12 11:30,-10.4295,1.5,-7.5,-6.3,492,59.8,33.1,872
2019/1/12 11:45,-10.6404,1.5,-7.1,-6,492,58.4,32.4,872
2019/1/12 12:00,-10.4621,1.5,-6.6,-5.4,520.1,57,31.4,872
2019/1/12 12:15,-11.0615,1.5,-6.3,-5.1,520.1,56,30.1,872
2019/1/12 12:30,-11.9243,1.5,-5.9,-4.8,533.2,54.7,28.6,872
2019/1/12 12:45,-11.9362,1.5,-5.6,-4.5,533.2,53.8,27.1,872
2019/1/12 13:00,-12.2573,1.5,-5.4,-4.3,530.8,53.1,25.6,871.9
2019/1/12 13:15,-12.3195,1.6,-5.2,-4,530.8,52.6,24.4,871.9
2019/1/12 13:30,-12.093,1.6,-5,-3.9,513,52.3,23.3,871.9
2019/1/12 13:45,-11.6808,1.6,-4.8,-3.7,513,51.8,22.3,871.9
2019/1/12 14:00,-11.2346,1.6,-4.7,-3.8,479.9,51.7,21.1,871.9
2019/1/12 14:15,-10.6108,1.6,-4.5,-3.6,479.9,51.4,19.7,872
2019/1/12 14:30,-10.1646,1.6,-4.5,-3.8,431.9,51.5,18,872.1
2019/1/12 14:45,-9.3565,1.6,-4.3,-3.7,431.9,51.3,16,872.2
2019/1/12 15:00,-8.4182,1.6,-4.4,-4,370.7,51.7,13.9,872.3
2019/1/12 15:15,-7.6656,1.6,-4.3,-4,370.7,51.6,11.7,872.4
2019/1/12 15:30,-6.7917,1.6,-4.5,-4.5,297.4,52.3,9.6,872.4
2019/1/12 15:45,-5.5159,1.6,-4.5,-4.5,297.4,52.5,7.8,872.6
2019/1/12 16:00,-4.5265,1.6,-4.7,-5.1,214.4,54,6.3,872.8
2019/1/12 16:15,-3.3433,1.7,-4.8,-5.3,214.4,54.9,5,873
2019/1/12 16:30,-2.3398,1.7,-5.3,-6.1,125.5,57.5,4,873.1
2019/1/12 16:45,-1.2787,1.7,-5.6,-6.3,125.5,58.8,3.3,873.2
2019/1/13 7:45,-0.0702,1.1,-17.2,-18.2,0,95.6,19.3,878.8
2019/1/13 8:00,-0.0702,1.1,-17.3,-18.2,0,95.6,17.8,878.8
2019/1/13 8:15,-1.0589,1.1,-17,-18.2,0,91.8,15,878.4
2019/1/13 8:30,-2.3087,1.1,-16.5,-17.5,73.1,90.9,14.6,878.4
2019/1/13 8:45,-3.7525,1.1,-16.3,-17.2,73.1,90.7,13.4,878.4
2019/1/13 9:00,-4.8788,1.2,-15.4,-16,163.4,87.9,11.1,878.4
2019/1/13 9:15,-6.0117,1.1,-14.9,-15.4,163.4,84.1,8.1,878.5
2019/1/13 9:30,-6.8782,1.1,-14.3,-14.2,251.5,78.7,5.4,878.3
2019/1/13 9:45,-7.7048,1.1,-13.9,-13.6,251.5,76.9,3.7,878.2
2019/1/13 10:00,-8.6298,1.2,-13.1,-12.5,331.9,73.5,3,878.1
2019/1/13 10:15,-9.4409,1.2,-12.5,-11.8,331.9,71.4,3.1,878.2
2019/1/13 10:30,-10.1054,1.2,-11.9,-10.8,401.7,69.2,3.9,878.2
2019/1/13 10:45,-10.6382,1.2,-11.4,-10.2,401.7,67.6,5.2,878.2
2019/1/13 11:00,-11.0467,1.2,-10.7,-9.2,458.9,65.1,6.5,878.2
2019/1/13 11:15,-11.4707,1.3,-10.1,-8.6,458.9,62.7,7.6,878.1
2019/1/13 11:30,-11.8577,1.3,-9.5,-7.8,502,60.6,8.4,878
2019/1/13 11:45,-12.0886,1.3,-9,-7.3,502,58.9,9.1,877.9
2019/1/13 12:00,-12.3824,1.3,-8.4,-6.5,530.1,57,9.7,877.7
2019/1/13 12:15,-12.5407,1.3,-7.9,-6,530.1,55.2,10.3,877.6
2019/1/13 12:30,-12.6317,1.3,-7.4,-5.5,542.7,53.6,10.8,877.5
2019/1/13 12:45,-12.6058,1.3,-7,-5,542.7,52.2,11.2,877.4
2019/1/13 13:00,-12.4652,1.3,-6.5,-4.6,539.5,50.9,11.5,877.3
2019/1/13 13:15,-12.2529,1.3,-6.1,-4.3,539.5,49.7,11.7,877.1
2019/1/13 13:30,-11.9805,1.4,-5.7,-4,520.5,48.8,12,877
2019/1/13 13:45,-11.6231,1.4,-5.4,-3.7,520.5,48,12.1,876.9
2019/1/13 14:00,-11.1399,1.4,-5.1,-3.6,486.4,47.5,12.2,876.9
2019/1/13 14:15,-10.6937,1.4,-4.8,-3.4,486.4,46.8,12.1,876.8
2019/1/13 14:30,-10.0255,1.4,-4.6,-3.4,437.8,46.4,12.1,876.6
2019/1/13 14:45,-9.4113,1.4,-4.4,-3.2,437.8,45.7,12.2,876.5
2019/1/13 15:00,-8.6291,1.4,-4.3,-3.5,375.9,45.4,12.3,876.3
2019/1/13 15:15,-7.7537,1.4,-4.1,-3.3,375.9,44.8,12.3,876.2
2019/1/13 15:30,-6.9086,1.4,-4,-3.7,302.1,44.8,12.2,876.2
2019/1/13 15:45,-5.9,1.4,-4,-3.7,302.1,44.4,11.9,876.1
2019/1/13 16:00,-4.8536,1.4,-4.1,-4.3,218.7,45.5,11.5,876.1
2019/1/13 16:15,-3.7362,1.5,-4.1,-4.5,218.7,46.1,11,876
2019/1/13 16:30,-2.5892,1.7,-4.5,-5.4,129.2,54.9,10.5,876
2019/1/13 16:45,-1.3608,1.9,-4.8,-5.7,129.2,61.8,10,875.9
2019/1/14 7:45,-0.0925,1.3,-14.9,-16.2,0,94.2,63,875.9
2019/1/14 8:00,-0.0925,1.3,-15,-16.2,0,94.4,63.6,875.9
2019/1/14 8:15,-0.9301,1.2,-15.8,-17,0,92.4,50.7,875
2019/1/14 8:30,-2.2503,1.2,-15.3,-16.3,73.5,91.8,53.9,875
2019/1/14 8:45,-3.9589,1.2,-15.1,-16,73.5,91.7,57.8,875
2019/1/14 9:00,-5.2865,1.3,-14,-14.8,162.2,86.6,62.6,875.1
2019/1/14 9:15,-3.4254,1.3,-13.4,-14.2,162.2,84.4,67.6,875.1
2019/1/14 9:30,-4.0914,1.3,-12.4,-12.8,248.3,79.8,70.6,875.1
2019/1/14 9:45,-2.6358,1.4,-11.7,-12.1,248.3,77.3,71.9,875.2
2019/1/14 10:00,-3.2974,1.4,-10.8,-10.9,326.4,74.3,72.1,875.2
2019/1/14 10:15,-4.5154,1.5,-10.2,-10.2,326.4,72.8,71,875.3
2019/1/14 10:30,-4.3689,1.5,-9.3,-9.1,360.7,70,68.7,875.3
2019/1/14 10:45,-3.125,1.5,-8.9,-8.5,360.7,68.5,67,875.3
2019/1/14 11:00,-4.1306,1.5,-8.4,-7.7,383.8,66.7,66.2,875.3
2019/1/14 11:15,-4.9424,1.5,-8.1,-7.3,383.8,65.5,65.8,875.3
2019/1/14 11:30,-6.1323,1.6,-7.7,-6.7,424.7,64.3,65.1,875.2
2019/1/14 11:45,-5.9126,1.6,-7.4,-6.4,424.7,62.9,63.7,875.3
2019/1/14 12:00,-5.4397,1.6,-7.1,-5.8,495.3,61.3,61.7,875.3
2019/1/14 12:15,-8.3901,1.6,-6.7,-5.5,495.3,59.9,58.2,875.3
2019/1/14 12:30,-12.9174,1.6,-6.5,-5.2,534.3,58.7,52.7,875.3
2019/1/14 12:45,-12.1374,1.6,-6.2,-5,534.3,57.4,42.7,875.3
2019/1/14 13:00,-12.2366,1.6,-6,-4.8,532.4,56.3,29.8,875.3
2019/1/14 13:15,-13.0173,1.6,-5.8,-4.7,532.4,55.7,20.1,875.3
2019/1/14 13:30,-12.7901,1.6,-5.8,-4.7,514.6,56,15.2,875.4
2019/1/14 13:45,-12.1086,1.6,-5.7,-4.7,514.6,57.1,15.4,875.6
2019/1/14 14:00,-12.1396,1.7,-5.7,-4.6,441.7,58.3,19.2,875.7
2019/1/14 14:15,-10.9342,1.7,-5.7,-4.6,441.7,59.1,24.4,875.9
2019/1/14 14:30,-10.1061,1.7,-5.9,-4.8,386.6,59.4,28.5,876
2019/1/14 14:45,-9.9381,1.7,-5.9,-4.8,386.6,59.1,29.7,876
2019/1/14 15:00,-8.9073,1.6,-6.1,-5.2,324.6,59.3,26.1,876.1
2019/1/14 15:15,-8.1052,1.6,-6.3,-5.4,324.6,59.3,18.9,876.2
2019/1/14 15:30,-6.7769,1.6,-6.6,-5.9,255.9,58.8,12.4,876.3
2019/1/14 15:45,-5.8785,1.5,-6.8,-6.1,255.9,57.2,9,876.4
2019/1/14 16:00,-4.44,1.4,-7.3,-6.9,208,56.8,7.5,876.6
2019/1/14 16:15,-3.8472,1.4,-7.6,-7.3,208,56.9,6.9,876.7
2019/1/14 16:30,-2.7054,1.4,-8.3,-8.4,130.9,58.7,6.9,876.9
2019/1/14 16:45,-1.5813,1.4,-8.8,-8.8,130.9,60.5,7.1,877.2
2019/1/15 7:45,-0.1015,0.6,-20.4,-20.8,0,66.6,12.2,884.7
2019/1/15 8:00,-0.4015,0.6,-20.5,-20.9,0.8,67.4,12.2,884.8
2019/1/15 8:15,-0.7015,0.5,-20.8,-21.4,0.8,63.1,13.5,883.8
2019/1/15 8:30,-1.8107,0.5,-20.4,-20.7,80.9,61.2,13.3,883.9
2019/1/15 8:45,-3.25,0.5,-20.3,-20.5,80.9,61.3,13,884.1
2019/1/15 9:00,-4.44,0.5,-19.8,-19.7,173.8,59.5,12.6,884.1
2019/1/15 9:15,-5.6691,0.5,-19.7,-19.5,173.8,59.3,12.2,884.2
2019/1/15 9:30,-6.8427,0.5,-19.2,-18.6,263.6,58,11.7,884.2
2019/1/15 9:45,-7.9246,0.6,-19,-18.3,263.6,57.4,11.1,884.1
2019/1/15 10:00,-9.0072,0.6,-18.5,-17.4,345.2,55.7,10.4,884.1
2019/1/15 10:15,-10.001,0.6,-18.2,-17,345.2,54.6,9.5,884.1
2019/1/15 10:30,-10.6234,0.6,-17.7,-16.2,415.9,52.9,9,884.1
2019/1/15 10:45,-11.393,0.6,-17.3,-15.8,415.9,51.8,9,884.1
2019/1/15 11:00,-12.0375,0.6,-16.8,-15.1,473.8,50.4,9.3,884.1
2019/1/15 11:15,-12.5592,0.6,-16.5,-14.7,473.8,49.5,9.7,884.1
2019/1/15 11:30,-12.924,0.6,-16,-14.1,517.4,48.3,10,883.9
2019/1/15 11:45,-13.337,0.6,-15.6,-13.7,517.4,47.4,10.2,883.8
2019/1/15 12:00,-13.4376,0.6,-15.2,-13.2,545.8,46.4,10.3,883.6
2019/1/15 12:15,-13.5545,0.6,-14.9,-12.8,545.8,45.7,10.3,883.4
2019/1/15 12:30,-13.6818,0.6,-14.5,-12.4,558.5,44.9,10.3,883.3
2019/1/15 12:45,-13.6322,0.6,-14.2,-12.1,558.5,44.4,10.2,883.2
2019/1/15 13:00,-13.499,0.6,-13.9,-11.8,555.2,43.9,10.1,883.1
2019/1/15 13:15,-13.3185,0.7,-13.6,-11.5,555.2,43.5,10.1,883
2019/1/15 13:30,-13.0543,0.7,-13.4,-11.3,536,43.3,10.1,882.8
2019/1/15 13:45,-12.7731,0.7,-13.2,-11,536,43,10.2,882.7
2019/1/15 14:00,-12.2825,0.7,-13,-11,501.3,43,10.4,882.6
2019/1/15 14:15,-11.7918,0.7,-12.8,-10.8,501.3,42.9,10.7,882.5
2019/1/15 14:30,-11.1525,0.7,-12.7,-10.9,451.9,43.2,11.2,882.4
2019/1/15 14:45,-10.4413,0.7,-12.5,-10.8,451.9,43.2,11.7,882.2
2019/1/15 15:00,-9.6636,0.7,-12.5,-11,389,43.9,12,882.1
2019/1/15 15:15,-8.8252,0.7,-12.3,-11,389,44.1,12,882
2019/1/15 15:30,-7.895,0.7,-12.4,-11.3,314,45.2,12.1,881.9
2019/1/15 15:45,-6.8235,0.8,-12.3,-11.3,314,45.5,12.2,881.9
2019/1/15 16:00,-5.6972,0.8,-12.4,-11.9,229.2,46.2,12.5,881.8
2019/1/15 16:15,-4.4858,0.8,-12.4,-12,229.2,46.5,12.8,881.8
2019/1/15 16:30,-3.3078,0.8,-12.7,-12.6,137.8,47.9,13.3,881.7
2019/1/15 16:45,-1.8744,0.8,-12.7,-12.8,137.8,48.7,13.8,881.7
2019/1/16 7:45,-0.0547,0.7,-19.7,-20.8,0,79.8,24.3,876.9
2019/1/16 8:00,-0.0547,0.7,-19.7,-20.8,2.5,79.6,24.5,876.9
2019/1/16 8:15,-1.0463,0.7,-20.5,-21.7,2.5,76.6,24.7,875.5
2019/1/16 8:30,-2.2695,0.7,-19.8,-20.9,82,76.1,23.9,875.4
2019/1/16 8:45,-3.6348,0.7,-19.6,-20.5,82,75.9,23.1,875.5
2019/1/16 9:00,-4.8233,0.7,-18.6,-19.3,174.3,70.7,22.1,875.5
2019/1/16 9:15,-5.9888,0.7,-18,-18.6,174.3,63,20.9,875.4
2019/1/16 9:30,-7.007,0.6,-17.2,-17.3,263.7,55.8,20,875.5
2019/1/16 9:45,-7.972,0.6,-16.5,-16.6,263.7,54.6,19.5,875.5
2019/1/16 10:00,-8.8629,0.7,-15.6,-15.4,344.8,52.1,19.4,875.5
2019/1/16 10:15,-9.7339,0.7,-14.8,-14.7,344.8,50.7,19.9,875.4
2019/1/16 10:30,-10.3814,0.7,-14,-13.5,414.9,48.7,20.7,875.3
2019/1/16 10:45,-11.0408,0.7,-13.3,-12.8,414.9,47.5,21.2,875.2
2019/1/16 11:00,-11.632,0.8,-12.5,-11.8,472.2,46.2,22.1,875.1
2019/1/16 11:15,-12.0457,0.8,-11.8,-11.2,472.2,45.2,23.2,875.1
2019/1/16 11:30,-12.3283,0.8,-11.1,-10.3,515.3,44.1,24.5,875.1
2019/1/16 11:45,-12.5577,0.8,-10.5,-9.7,515.3,43.3,25.5,875
2019/1/16 12:00,-12.6961,0.8,-9.9,-9,543.2,42.4,26.3,874.9
2019/1/16 12:15,-13.0062,0.9,-9.4,-8.5,543.2,41.4,27.2,874.8
2019/1/16 12:30,-13.0698,0.9,-8.9,-7.9,555.7,40.5,28,874.7
2019/1/16 12:45,-12.998,0.9,-8.4,-7.5,555.7,39.8,28.9,874.7
2019/1/16 13:00,-12.8301,0.9,-8,-7.1,552.2,39.3,29.5,874.7
2019/1/16 13:15,-12.6991,0.9,-7.6,-6.7,552.2,38.9,29.9,874.6
2019/1/16 13:30,-12.7058,0.9,-7.3,-6.5,532.9,38.6,30.5,874.6
2019/1/16 13:45,-12.4216,1,-7,-6.2,532.9,38.4,31.4,874.6
2019/1/16 14:00,-12.0116,1,-6.9,-6.1,498.3,38.4,32.4,874.6
2019/1/16 14:15,-11.4995,1,-6.6,-5.9,498.3,38.3,33.7,874.6
2019/1/16 14:30,-10.784,1,-6.5,-6,449,38.5,34.7,874.6
2019/1/16 14:45,-10.1638,1,-6.4,-5.9,449,38.6,35.6,874.7
2019/1/16 15:00,-9.3639,1,-6.4,-6.2,386.3,39,36.2,874.6
2019/1/16 15:15,-8.4855,1,-6.3,-6.1,386.3,39.1,36.9,874.6
2019/1/16 15:30,-7.5924,1.1,-6.4,-6.5,311.9,39.9,37.6,874.5
2019/1/16 15:45,-6.8768,1.1,-6.4,-6.6,311.9,40.2,37.9,874.5
2019/1/16 16:00,-5.3938,1.1,-6.6,-7.2,227.8,41.8,38.4,874.4
2019/1/16 16:15,-4.2091,1.1,-6.6,-7.3,227.8,42.5,39,874.4
2019/1/16 16:30,-3.1124,1.1,-7,-8.1,137.5,45.1,39.5,874.3
2019/1/16 16:45,-1.7826,1.2,-7.2,-8.3,137.5,46.1,39.5,874.3
2019/1/17 7:45,-0.1087,0.8,-17.8,-19.5,0,77,19.7,874.7
2019/1/17 8:00,-0.1087,0.8,-17.8,-19.5,4.1,77.1,19.7,874.7
2019/1/17 8:15,-1.1677,0.7,-18.4,-20,4.2,71.5,17.8,874.3
2019/1/17 8:30,-2.4708,0.8,-17.8,-19.2,84.7,71.4,17.2,874.2
2019/1/17 8:45,-3.9212,0.8,-17.5,-18.8,84.7,71.4,16.5,874.1
2019/1/17 9:00,-5.4175,0.9,-16.6,-17.6,177.6,71.3,15.9,874.2
2019/1/17 9:15,-5.7749,0.9,-16.2,-17,177.6,70.6,15,874.1
2019/1/17 9:30,-7.4184,0.7,-15.2,-15.6,267.6,53.4,14.1,874.1
2019/1/17 9:45,-7.7899,0.7,-15,-14.9,267.6,50.8,12.8,874
2019/1/17 10:00,-8.8903,0.7,-14.3,-13.7,349.4,49,11.5,874.1
2019/1/17 10:15,-9.5807,0.7,-13.6,-13,349.4,48,10.5,874
2019/1/17 10:30,-10.4251,0.7,-13,-11.9,420.4,45.9,9.9,873.9
2019/1/17 10:45,-10.3688,0.7,-12.4,-11.3,420.4,44.8,9.6,873.8
2019/1/17 11:00,-11.333,0.8,-11.6,-10.3,478.5,43.7,9.4,873.8
2019/1/17 11:15,-10.5131,0.8,-11,-9.6,478.5,42.8,9,873.8
2019/1/17 11:30,-10.8039,0.8,-10.3,-8.7,522.2,41.5,8.6,873.6
2019/1/17 11:45,-12.6902,0.8,-9.7,-8.2,522.2,40.8,8.4,873.6
2019/1/17 12:00,-12.802,0.9,-9.1,-7.4,550.9,40.2,8.6,873.5
2019/1/17 12:15,-12.8071,0.9,-8.4,-6.8,550.9,39.4,9.5,873.4
2019/1/17 12:30,-12.8286,0.9,-7.8,-6.1,565,38.5,11.3,873.3
2019/1/17 12:45,-12.8108,0.9,-7.2,-5.6,565,37.8,14.5,873.2
2019/1/17 13:00,-10.6685,1,-6.6,-5.1,560.2,37.3,19.9,873
2019/1/17 13:15,-11.3952,1,-6.1,-4.7,560.2,37,27.6,872.9
2019/1/17 13:30,-11.0755,1,-5.6,-4.4,538.5,36.9,36.2,872.8
2019/1/17 13:45,-12.0101,1,-5.2,-4,538.5,36.6,44.2,872.6
2019/1/17 14:00,-11.3168,1.1,-4.8,-3.8,502,36.8,50.8,872.5
2019/1/17 14:15,-10.6633,1.1,-4.5,-3.5,502,37,55.4,872.4
2019/1/17 14:30,-10.0861,1.2,-4.2,-3.6,451.8,37.8,59.3,872.3
2019/1/17 14:45,-9.4534,1.2,-3.9,-3.4,451.8,38.6,62.8,872.2
2019/1/17 15:00,-8.7453,1.3,-3.8,-3.6,388.1,40.1,65.5,872.1
2019/1/17 15:15,-7.8824,1.4,-3.6,-3.6,388.1,41.3,67.9,872
2019/1/17 15:30,-7.1136,1.4,-3.6,-4,312.5,43.5,70.2,871.9
2019/1/17 15:45,-2.6003,1.5,-3.5,-4,312.5,45,70,871.8
2019/1/17 16:00,-1.1765,1.6,-3.7,-4.6,227.8,48.2,68.2,871.8
2019/1/17 16:15,-1.292,1.6,-3.8,-4.7,227.8,50.2,66.7,871.8
2019/1/17 16:30,-0.757,1.7,-4.3,-5.5,138,52.1,64.6,871.7
2019/1/17 16:45,-0.4543,1.7,-4.5,-5.8,138,53.2,60.6,871.7
2019/1/18 7:45,-0.0081,1.2,-15.2,-16.5,0,91.7,43.3,875.1
2019/1/18 8:00,-0.0081,1.2,-15.3,-16.6,5.8,91.7,42.1,875.2
2019/1/18 8:15,-0.3167,1.1,-14.2,-15.9,5.7,77.9,21.9,874.4
2019/1/18 8:30,-0.552,1.2,-13.6,-15,84.3,75.2,21.1,874.6
2019/1/18 8:45,-2.0616,1.2,-13.4,-14.7,84.3,74.4,21.1,874.7
2019/1/18 9:00,-3.6681,1.2,-12.6,-13.6,175.2,70.9,21.2,874.9
2019/1/18 9:15,-5.7224,1.2,-12.3,-13.1,175.2,69.6,20.8,874.9
2019/1/18 9:30,-6.8383,1.2,-11.6,-11.9,263.4,65.4,20.2,874.9
2019/1/18 9:45,-7.7537,1.2,-11.4,-11.5,263.4,63.7,19.5,875.1
2019/1/18 10:00,-8.9695,1.2,-11,-10.5,344,61.8,18.3,875.2
2019/1/18 10:15,-9.5556,1.2,-10.7,-10.1,344,61,16.7,875.1
2019/1/18 10:30,-10.4058,1.2,-10.4,-9.3,414.1,59.7,15.3,875.1
2019/1/18 10:45,-10.9778,1.2,-10.1,-9,414.1,59.1,14.4,875
2019/1/18 11:00,-11.5454,1.2,-9.7,-8.3,471.4,58.2,13.8,875
2019/1/18 11:15,-11.9576,1.2,-9.4,-8,471.4,57.5,13.4,874.9
2019/1/18 11:30,-12.4556,1.2,-8.9,-7.3,514.6,56.3,13.3,874.9
2019/1/18 11:45,-12.9596,1.2,-8.5,-6.9,514.6,55,13.4,874.9
2019/1/18 12:00,-13.2829,1.3,-8.1,-6.4,542.9,53.6,13.6,874.9
2019/1/18 12:15,-13.2067,1.3,-7.7,-6,542.9,52.4,13.6,874.9
2019/1/18 12:30,-12.1456,1.3,-7.3,-5.6,555.9,51.4,13.6,874.9
2019/1/18 12:45,-12.9144,1.3,-7,-5.3,555.9,50.5,13.7,874.8
2019/1/18 13:00,-12.8464,1.3,-6.7,-5.1,553.1,49.5,13.5,874.8
2019/1/18 13:15,-12.6628,1.3,-6.4,-4.9,553.1,48.8,13.4,874.7
2019/1/18 13:30,-12.8723,1.3,-6.2,-4.8,534.6,48.4,13.2,874.6
2019/1/18 13:45,-12.4889,1.3,-6,-4.6,534.6,48,13,874.5
2019/1/18 14:00,-11.0415,1.3,-5.9,-4.7,500.8,48,12.7,874.6
2019/1/18 14:15,-10.2045,1.3,-5.8,-4.6,500.8,47.9,12.3,874.6
2019/1/18 14:30,-8.8984,1.4,-5.8,-4.8,452.4,48.1,11.8,874.6
2019/1/18 14:45,-9.6584,1.4,-5.7,-4.8,452.4,48.1,11.1,874.6
2019/1/18 15:00,-8.638,1.4,-5.9,-5.1,390.5,48.6,10.4,874.7
2019/1/18 15:15,-8.8333,1.4,-5.9,-5.1,390.5,48.7,9.8,874.8
2019/1/18 15:30,-8.3072,1.4,-6.1,-5.6,316.7,49.5,9.1,874.8
2019/1/18 15:45,-6.6067,1.4,-6.2,-5.7,316.7,49.8,8.4,874.9
2019/1/18 16:00,-5.7949,1.4,-6.5,-6.4,233.1,51.1,7.9,875
2019/1/18 16:15,-4.5917,1.4,-6.6,-6.5,233.1,51.5,7.3,875.1
2019/1/18 16:30,-3.3817,1.4,-7,-7.3,142.8,53.4,6.8,875.2
2019/1/18 16:45,-2.1489,1.4,-7.2,-7.6,142.8,54.5,6.4,875.2
2019/1/19 7:45,-0.1632,1.2,-15.9,-16.5,0,93.5,35.7,877.5
2019/1/19 8:00,-0.2632,1.2,-15.7,-16.3,5,93.2,39.3,877.7
2019/1/19 8:15,-0.4632,1.3,-14.4,-15,5,88,69.4,877
2019/1/19 8:30,-0.6541,1.3,-14,-14.4,60.2,86.3,70.2,876.9
2019/1/19 8:45,-1.3985,1.3,-13.7,-14.1,60.2,83.7,71.2,877
2019/1/19 9:00,-2.1422,1.2,-13.2,-13.1,132.1,75.4,72.3,877.1
2019/1/19 9:15,-2.2081,1.2,-12.8,-12.7,132.1,73.8,73.2,877.1
2019/1/19 9:30,-2.2814,1.2,-12.3,-11.6,206.7,71,73.7,877.2
2019/1/19 9:45,-3.1168,1.2,-11.9,-11.1,206.7,69.5,74,877.2
2019/1/19 10:00,-3.6185,1.2,-11.2,-10.1,285.5,67.3,74,877.2
2019/1/19 10:15,-3.4654,1.3,-10.7,-9.6,285.5,65.8,74,877.2
2019/1/19 10:30,-4.0122,1.3,-10,-8.5,368.3,63.8,74,877.2
2019/1/19 10:45,-4.4903,1.3,-9.5,-8,368.3,62.2,74,877.1
2019/1/19 11:00,-4.4829,1.3,-8.9,-7.2,429.6,60.5,74,877.1
2019/1/19 11:15,-5.1444,1.3,-8.4,-6.7,429.6,59.2,74.3,877
2019/1/19 11:30,-7.7233,1.4,-7.9,-6,464.7,57.9,74.2,877
2019/1/19 11:45,-8.1089,1.4,-7.5,-5.6,464.7,56.9,74.2,876.9
2019/1/19 12:00,-6.5519,1.4,-7.1,-5.1,487.8,56.1,74.1,876.8
2019/1/19 12:15,-6.2589,1.4,-6.7,-4.8,487.8,55.6,73.9,876.8
2019/1/19 12:30,-7.2956,1.5,-6.4,-4.4,528.9,55.1,73.8,876.8
2019/1/19 12:45,-9.1323,1.5,-6.1,-4.2,528.9,54,73.7,876.7
2019/1/19 13:00,-11.148,1.5,-5.9,-4.1,547.9,53.6,73.5,876.7
2019/1/19 13:15,-10.8698,1.5,-5.8,-4,547.9,53.2,73.5,876.7
2019/1/19 13:30,-9.2403,1.5,-5.7,-4,523,53.1,73.5,876.7
2019/1/19 13:45,-10.4932,1.5,-5.5,-3.9,523,52.9,73.5,876.7
2019/1/19 14:00,-11.6897,1.5,-5.5,-3.9,464.6,52.8,73.3,876.7
2019/1/19 14:15,-9.9862,1.5,-5.4,-3.8,464.6,52.7,72.9,876.8
2019/1/19 14:30,-10.4406,1.5,-5.4,-4.1,415.6,53,72.6,876.8
2019/1/19 14:45,-8.5536,1.5,-5.4,-4.1,415.6,53.1,72.9,876.8
2019/1/19 15:00,-8.9229,1.5,-5.5,-4.4,369.2,53.6,72.9,876.7
2019/1/19 15:15,-7.9128,1.5,-5.5,-4.5,369.2,53.9,72,876.8
2019/1/19 15:30,-6.751,1.5,-5.7,-5,307.4,54.7,70.8,876.8
2019/1/19 15:45,-5.3583,1.6,-5.8,-5.1,307.4,55.1,70.7,876.8
2019/1/19 16:00,-4.9195,1.5,-6.1,-5.8,233,56.3,71.4,877
2019/1/19 16:15,-3.919,1.5,-6.3,-6,233,56.9,71.8,877.1
2019/1/19 16:30,-1.628,1.5,-6.6,-6.8,140.8,58.4,71.1,877.2
2019/1/19 16:45,-1.1403,1.5,-6.8,-7,140.8,59.1,69.6,877.3
2019/1/20 7:45,-0.0651,0.9,-18.9,-19.7,0,93.2,15.4,883.2
2019/1/20 8:00,-0.0651,0.9,-18.8,-19.7,9.8,93.2,16.3,883.3
2019/1/20 8:15,-1.551,0.9,-18.5,-19.6,9.7,88.7,29.6,882.3
2019/1/20 8:30,-2.7942,0.9,-17.7,-18.6,92,84.4,30.7,882.3
2019/1/20 8:45,-4.0448,0.9,-17.4,-18.2,92,82.6,31.5,882.4
2019/1/20 9:00,-5.1614,0.9,-16.5,-17,184.8,77.8,32.2,882.4
2019/1/20 9:15,-6.2677,0.9,-15.9,-16.4,184.8,75,33,882.4
2019/1/20 9:30,-7.2519,1,-15.1,-15.2,274.1,71.4,33.6,882.5
2019/1/20 9:45,-8.12,1,-14.5,-14.5,274.1,69,34.1,882.4
2019/1/20 10:00,-9.0346,1,-13.6,-13.4,355,65.6,34.6,882.4
2019/1/20 10:15,-9.8856,1,-13,-12.7,355,63.4,35.3,882.4
2019/1/20 10:30,-10.5819,1,-12.3,-11.7,424.9,61.3,35.9,882.5
2019/1/20 10:45,-11.2672,1,-11.7,-11.2,424.9,60,36.4,882.6
2019/1/20 11:00,-11.8081,1.1,-11.1,-10.3,482.1,58.4,36.4,882.6
2019/1/20 11:15,-12.3135,1.1,-10.7,-9.8,482.1,57.2,36,882.5
2019/1/20 11:30,-12.7087,1.1,-10.1,-9.1,525.2,55.7,35.9,882.4
2019/1/20 11:45,-13.0461,1.1,-9.7,-8.7,525.2,54.5,35.8,882.2
2019/1/20 12:00,-13.223,1.1,-9.2,-8.1,553.5,53.2,35.1,882
2019/1/20 12:15,-13.3681,1.2,-8.8,-7.7,553.5,52.3,34.4,881.8
2019/1/20 12:30,-13.5035,1.2,-8.4,-7.2,566.3,51.4,33.7,881.6
2019/1/20 12:45,-13.3717,1.2,-8,-6.9,566.3,50.7,33.6,881.5
2019/1/20 13:00,-13.095,1.2,-7.7,-6.6,563.2,50.2,33.9,881.4
2019/1/20 13:15,-12.9596,1.2,-7.4,-6.3,563.2,49.7,34.4,881.3
2019/1/20 13:30,-12.6451,1.2,-7.1,-6.1,544.3,49.4,34.7,881.1
2019/1/20 13:45,-12.3646,1.3,-6.9,-5.8,544.3,49.1,34.4,881
2019/1/20 14:00,-12.0605,1.3,-6.7,-5.8,510.1,49,33.7,880.8
2019/1/20 14:15,-11.4537,1.3,-6.5,-5.6,510.1,48.8,32.9,880.7
2019/1/20 14:30,-10.8099,1.3,-6.4,-5.7,461.3,48.9,32.1,880.7
2019/1/20 14:45,-10.0847,1.3,-6.2,-5.6,461.3,48.7,31.2,880.6
2019/1/20 15:00,-9.2551,1.3,-6.2,-5.8,399.1,49,30.1,880.4
2019/1/20 15:15,-8.3035,1.3,-6.1,-5.8,399.1,48.9,28.9,880.3
2019/1/20 15:30,-7.3948,1.3,-6.3,-6.2,324.9,49.5,27.9,880.2
2019/1/20 15:45,-6.4594,1.3,-6.2,-6.2,324.9,49.6,27.1,880
2019/1/20 16:00,-5.3361,1.3,-6.5,-6.8,240.8,50.7,26.6,880
2019/1/20 16:15,-4.1595,1.4,-6.5,-6.9,240.8,51.2,26.5,879.9
2019/1/20 16:30,-2.9488,1.4,-7,-7.6,149.9,53.8,26.4,879.9
2019/1/20 16:45,-1.7626,1.4,-7.1,-7.8,149.9,56,26.3,879.9
2019/1/21 7:45,-0.2508,1.1,-15.8,-17.4,0,85.4,52.2,875.9
2019/1/21 8:00,-0.1576,1.1,-15.9,-17.4,11.6,86.5,52.5,876
2019/1/21 8:15,-1.1566,1,-16.6,-18.1,11.6,84.2,41.3,875.4
2019/1/21 8:30,-2.3938,1,-15.9,-17.1,94.2,82.4,41.3,875.4
2019/1/21 8:45,-3.5704,1.1,-15.6,-16.7,94.2,81.5,41.4,875.3
2019/1/21 9:00,-4.7544,1.1,-14.5,-15.4,187.2,75.1,41.5,875.4
2019/1/21 9:15,-5.8437,1.1,-14,-14.7,187.2,72.9,41.6,875.4
2019/1/21 9:30,-6.8597,1.1,-13.1,-13.4,276.9,68.1,41.6,875.4
2019/1/21 9:45,-7.8203,1.1,-12.6,-12.8,276.9,66.4,41.5,875.3
2019/1/21 10:00,-8.7142,1.1,-11.9,-11.6,358.4,63.7,41.4,875.3
2019/1/21 10:15,-9.503,1.1,-11.2,-10.8,358.4,61.7,41.5,875.2
2019/1/21 10:30,-10.0136,1.2,-10.4,-9.7,428.9,59.1,41.7,875.2
2019/1/21 10:45,-10.7706,1.2,-9.7,-9,428.9,57.7,41.9,875.1
2019/1/21 11:00,-11.7304,1.2,-9,-8,486.4,56.3,42.2,875.1
2019/1/21 11:15,-12.2884,1.3,-8.4,-7.5,486.4,55.8,42.4,874.9
2019/1/21 11:30,-12.6354,1.3,-7.8,-6.7,529.6,54.9,42.4,874.8
2019/1/21 11:45,-12.9455,1.4,-7.2,-6.2,529.6,54.1,42.5,874.6
2019/1/21 12:00,-13.2415,1.4,-6.7,-5.5,557.9,53.1,42.6,874.5
2019/1/21 12:15,-13.3777,1.4,-6.2,-5.1,557.9,52.3,42.6,874.4
2019/1/21 12:30,-13.448,1.5,-5.7,-4.6,570.6,51.6,42.4,874.2
2019/1/21 12:45,-13.3481,1.5,-5.2,-4.2,570.6,51,42.1,874.2
2019/1/21 13:00,-13.2785,1.5,-4.9,-3.8,567.6,50.6,41.8,874.1
2019/1/21 13:15,-13.0802,1.5,-4.5,-3.5,567.6,50.2,41.4,873.9
2019/1/21 13:30,-12.8316,1.6,-4.2,-3.2,549,50,40.8,873.8
2019/1/21 13:45,-12.6103,1.6,-3.9,-3,549,49.7,39.7,873.7
2019/1/21 14:00,-12.0449,1.6,-3.7,-2.9,515,49.6,38.4,873.6
2019/1/21 14:15,-11.4707,1.6,-3.5,-2.7,515,49.4,36.9,873.5
2019/1/21 14:30,-10.8698,1.6,-3.4,-2.8,466.4,49.3,35.4,873.4
2019/1/21 14:45,-10.2593,1.7,-3.2,-2.6,466.4,49,34.1,873.4
2019/1/21 15:00,-9.4668,1.7,-3.2,-2.9,404,49.1,32.9,873.3
2019/1/21 15:15,-8.5714,1.7,-3.1,-2.8,404,49,31.8,873.3
2019/1/21 15:30,-7.6774,1.7,-3.1,-3.2,329.4,49.7,30.6,873.3
2019/1/21 15:45,-6.6548,1.7,-3.1,-3.3,329.4,49.9,29.2,873.2
2019/1/21 16:00,-5.6743,1.7,-3.3,-3.9,244.8,51.5,27.7,873.2
2019/1/21 16:15,-4.5791,1.8,-3.4,-4,244.8,52.1,26.4,873.1
2019/1/21 16:30,-3.3803,1.8,-3.8,-4.8,153.4,54.2,25.6,873.1
2019/1/21 16:45,-2.3028,1.8,-4,-5,153.4,55.8,25,873.2
2019/1/22 7:45,-0.1123,1.3,-14.3,-15.9,0,87.2,52.3,872.7
2019/1/22 8:00,-0.1923,1.3,-14.3,-15.8,13.3,87.1,50.6,872.6
2019/1/22 8:15,-1.255,1.2,-14.5,-16.1,13.5,81.8,58,872.2
2019/1/22 8:30,-2.5441,1.2,-13.9,-15.2,96.5,80.3,58.5,872.2
2019/1/22 8:45,-3.7118,1.2,-13.6,-14.8,96.5,80.1,59.2,872.3
2019/1/22 9:00,-4.8181,1.3,-12.7,-13.6,189.2,76.1,59.7,872.3
2019/1/22 9:15,-5.9,1.3,-12.3,-13,189.2,74.8,60.6,872.4
2019/1/22 9:30,-6.9167,1.3,-11.3,-11.7,278.1,70.3,61.4,872.4
2019/1/22 9:45,-7.8469,1.3,-10.6,-11,278.1,68.3,62.4,872.2
2019/1/22 10:00,-8.7919,1.4,-9.5,-9.7,358.7,64.3,63.7,872.3
2019/1/22 10:15,-9.6281,1.4,-8.7,-8.9,358.7,62,65.3,872.3
2019/1/22 10:30,-10.4776,1.4,-7.7,-7.6,428.6,59.3,66,872.4
2019/1/22 10:45,-11.0348,1.5,-7,-6.9,428.6,58.2,65.6,872.3
2019/1/22 11:00,-11.6505,1.5,-6.1,-5.9,486,56.3,64.1,872.3
2019/1/22 11:15,-12.1715,1.6,-5.5,-5.3,486,54.8,61.9,872.2
2019/1/22 11:30,-12.597,1.6,-4.8,-4.4,529.7,53,59.7,872.1
2019/1/22 11:45,-12.7886,1.6,-4.3,-3.9,529.7,51.7,58.2,871.9
2019/1/22 12:00,-12.9825,1.6,-3.8,-3.3,558.9,50.5,57.2,871.9
2019/1/22 12:15,-13.1549,1.7,-3.3,-2.9,558.9,49.4,57,871.9
2019/1/22 12:30,-13.2548,1.7,-2.9,-2.5,572.4,48.2,57.4,872
2019/1/22 12:45,-13.1934,1.7,-2.6,-2.1,572.4,47.4,57.8,872
2019/1/22 13:00,-13.1238,1.7,-2.3,-1.8,569.9,46.9,57.7,872.1
2019/1/22 13:15,-12.9625,1.7,-2.1,-1.6,569.9,46.5,57.4,872.2
2019/1/22 13:30,-12.6887,1.7,-1.9,-1.5,551.4,46.4,57.4,872.2
2019/1/22 13:45,-12.4549,1.8,-1.8,-1.3,551.4,46.3,57.6,872.2
2019/1/22 14:00,-12.1286,1.8,-1.7,-1.3,517.2,46.5,57.5,872.3
2019/1/22 14:15,-11.5625,1.8,-1.6,-1.1,517.2,46.5,56.8,872.3
2019/1/22 14:30,-10.986,1.8,-1.6,-1.3,468.2,46.8,56,872.3
2019/1/22 14:45,-10.3022,1.8,-1.5,-1.2,468.2,46.9,55.1,872.2
2019/1/22 15:00,-9.6303,1.8,-1.5,-1.5,405.4,47.6,53.5,872.2
2019/1/22 15:15,-8.7845,1.8,-1.5,-1.5,405.4,47.7,51.6,872.3
2019/1/22 15:30,-7.8491,1.9,-1.7,-1.9,330.7,48.5,49.7,872.3
2019/1/22 15:45,-6.808,1.9,-1.7,-2,330.7,48.8,47.7,872.4
2019/1/22 16:00,-5.7986,1.9,-1.9,-2.5,246.3,50.3,45.3,872.4
2019/1/22 16:15,-4.6782,1.9,-2,-2.7,246.3,51.1,42.5,872.5
2019/1/22 16:30,-3.4883,1.9,-2.5,-3.4,155.1,52.6,39.4,872.5
2019/1/22 16:45,-2.3687,1.9,-2.7,-3.7,155.1,53.6,35.7,872.5
2019/1/23 7:45,-0.1597,1.2,-15.3,-16.6,0,91.5,26.9,875.1
2019/1/23 8:00,-0.2597,1.2,-15.3,-16.5,15.7,91.4,27.8,875.1
2019/1/23 8:15,-1.1913,1.1,-15.1,-16.4,15.9,81.7,10.4,874.9
2019/1/23 8:30,-2.4235,1.2,-14.4,-15.5,100.9,80.9,10.3,874.9
2019/1/23 8:45,-3.6222,1.2,-14.2,-15.1,100.9,80.6,10.3,875.1
2019/1/23 9:00,-4.8033,1.3,-13.2,-13.8,194.9,79.9,10.3,875
2019/1/23 9:15,-5.8844,1.3,-12.7,-13.2,194.9,79.6,10.1,874.9
2019/1/23 9:30,-6.9256,1.1,-12.1,-11.9,285.3,61.5,9.9,874.9
2019/1/23 9:45,-7.8943,1.1,-11.6,-11.2,285.3,59.9,9.8,874.8
2019/1/23 10:00,-8.7948,1.1,-11,-10.1,367.5,57.3,9.8,874.8
2019/1/23 10:15,-9.634,1.1,-10.5,-9.5,367.5,55.9,9.9,874.8
2019/1/23 10:30,-10.4229,1.1,-9.9,-8.4,438.9,54.2,10,874.6
2019/1/23 10:45,-10.9801,1.1,-9.3,-7.8,438.9,52.8,10.3,874.6
2019/1/23 11:00,-11.4596,1.1,-8.6,-6.9,497.9,51,10.5,874.5
2019/1/23 11:15,-11.9043,1.2,-7.9,-6.2,497.9,49.3,10.7,874.4
2019/1/23 11:30,-12.2588,1.2,-7.2,-5.3,542.7,47.1,11.1,874.2
2019/1/23 11:45,-12.4216,1.2,-6.5,-4.7,542.7,45,11.6,874.2
2019/1/23 12:00,-12.557,1.2,-5.9,-3.9,572.2,43.3,12.2,874.1
2019/1/23 12:15,-12.6969,1.2,-5.3,-3.3,572.2,42.3,13,874
2019/1/23 12:30,-12.7287,1.2,-4.8,-2.7,585.6,41.5,14.2,873.9
2019/1/23 12:45,-12.7553,1.3,-4.2,-2.2,585.6,40.7,15.5,873.9
2019/1/23 13:00,-12.597,1.3,-3.7,-1.8,582.7,40,16.7,873.9
2019/1/23 13:15,-12.5777,1.3,-3.1,-1.3,582.7,39.3,17.6,873.8
2019/1/23 13:30,-12.2225,1.3,-2.6,-1,563.5,38.5,18.1,873.7
2019/1/23 13:45,-11.9443,1.4,-2.2,-0.6,563.5,37.8,18.5,873.6
2019/1/23 14:00,-11.4122,1.4,-1.8,-0.4,528.8,37.3,18.5,873.6
2019/1/23 14:15,-10.9342,1.4,-1.4,0,528.8,36.9,18.2,873.5
2019/1/23 14:30,-10.0669,1.4,-1.1,0,479.3,36.9,17.6,873.5
2019/1/23 14:45,-9.2093,1.5,-0.7,0.2,479.3,36.8,16.8,873.4
2019/1/23 15:00,-9.0516,1.5,-0.5,0,416.1,37.4,15.8,873.2
2019/1/23 15:15,-8.4123,1.6,-0.2,0.1,416.1,37.7,14.9,873.1
2019/1/23 15:30,-8.1429,1.6,-0.1,-0.2,340.6,39.1,14,873.1
2019/1/23 15:45,-3.492,1.7,0.1,-0.2,340.6,40.1,13.1,872.9
2019/1/23 16:00,-4.2342,1.9,0,-0.8,254.7,44.8,12.4,872.9
2019/1/23 16:15,-5.2058,2,-0.1,-1,254.7,47.5,11.7,872.9
2019/1/23 16:30,-1.8951,2.6,-0.7,-1.9,161.6,62.1,10.8,872.8
2019/1/23 16:45,-0.9642,2.8,-1,-2.3,161.6,67.3,9.6,872.8
2019/1/24 7:45,-0.0895,1.5,-11.3,-12.8,0,80.5,39.4,874.6
2019/1/24 8:00,-0.0895,1.5,-11.2,-12.6,13.7,80.7,39.3,874.6
2019/1/24 8:15,-0.8117,1.4,-11.1,-12.3,12.3,74.5,25.5,874.1
2019/1/24 8:30,-1.3838,1.4,-10.6,-11.6,64.1,74.2,23.3,874.2
2019/1/24 8:45,-1.8662,1.5,-10.4,-11.3,64.1,74.3,21.5,874.4
2019/1/24 9:00,-2.7076,1.4,-9.6,-10.3,148.4,66.5,19.9,874.5
2019/1/24 9:15,-3.1213,1.4,-9.2,-9.8,148.4,62.5,18.3,874.6
2019/1/24 9:30,-7.3615,1.3,-8.6,-8.6,236.5,57,17.1,874.7
2019/1/24 9:45,-8.8059,1.3,-8.2,-8.1,236.5,55.8,16.4,874.6
2019/1/24 10:00,-9.9774,1.3,-7.7,-7.1,315.2,54,16.1,874.7
2019/1/24 10:15,-11.154,1.3,-7.3,-6.6,315.2,53.4,16.2,874.8
2019/1/24 10:30,-12.0701,1.4,-6.8,-5.7,386.5,52.2,16.5,874.8
2019/1/24 10:45,-11.5336,1.4,-6.3,-5.3,386.5,51.5,16.8,874.9
2019/1/24 11:00,-11.9643,1.4,-5.8,-4.4,481.7,50.4,17.4,874.9
2019/1/24 11:15,-12.372,1.4,-5.3,-3.9,481.7,49.2,18.6,875
2019/1/24 11:30,-12.7198,1.4,-4.9,-3.2,534.6,48.1,19.7,874.9
2019/1/24 11:45,-12.9818,1.5,-4.4,-2.9,534.6,47.5,20.6,874.9
2019/1/24 12:00,-13.1956,1.5,-4,-2.3,561.7,46.7,21.5,875
2019/1/24 12:15,-13.2423,1.5,-3.7,-2,561.7,46.3,22.3,875
2019/1/24 12:30,-13.5331,1.5,-3.4,-1.7,574.8,45.7,22.9,875
2019/1/24 12:45,-13.4472,1.5,-3.2,-1.5,574.8,45.3,24.2,875.1
2019/1/24 13:00,-13.3266,1.5,-3.1,-1.4,579.9,45.2,26,875.2
2019/1/24 13:15,-13.203,1.6,-3,-1.3,579.9,45,28.3,875.3
2019/1/24 13:30,-12.5947,1.6,-2.9,-1.5,559.5,45.2,31.7,875.3
2019/1/24 13:45,-12.3772,1.6,-2.9,-1.4,559.5,45.3,35.8,875.4
2019/1/24 14:00,-12.1493,1.6,-2.9,-1.6,524.7,45.7,40.3,875.6
2019/1/24 14:15,-11.171,1.6,-3,-1.6,524.7,45.8,45.1,875.7
2019/1/24 14:30,-10.8232,1.6,-3.1,-2,475.2,46.3,50.5,875.8
2019/1/24 14:45,-9.4956,1.6,-3.2,-2,475.2,46.5,56.3,876
2019/1/24 15:00,-9.2625,1.6,-3.3,-2.4,412.1,47.2,61.4,876.2
2019/1/24 15:15,-8.0845,1.6,-3.4,-2.5,412.1,47.7,65.1,876.4
2019/1/24 15:30,-7.5872,1.6,-3.6,-3,337.2,49.2,67.1,876.6
2019/1/24 15:45,-4.4903,1.7,-3.7,-3.2,337.2,50.5,67.8,876.8
2019/1/24 16:00,-4.4355,1.7,-3.9,-3.7,245.7,52.7,66.6,877
2019/1/24 16:15,-2.8645,1.7,-4,-3.9,245.7,54.3,63.6,877.1
2019/1/24 16:30,-1.2779,1.8,-4.4,-4.6,161.4,56.9,59.9,877.3
2019/1/24 16:45,-0.2908,1.8,-4.6,-4.9,161.4,58.2,56.4,877.5
2019/1/25 7:45,-0.2908,1,-17.2,-17.9,0,93.2,7.3,886.3
2019/1/25 8:00,-0.2908,1,-17.1,-17.8,21.2,92.8,7.2,886.4
2019/1/25 8:15,-1.3408,1.1,-15.6,-13,20.9,86.5,10.1,885.3
2019/1/25 8:30,-2.7061,1.1,-15,-12.1,108.4,81.6,9.9,885.4
2019/1/25 8:45,-3.7902,1.1,-14.7,-11.8,108.4,78.7,9.7,885.4
2019/1/25 9:00,-4.8351,1.1,-14.2,-10.8,203.3,74,9.4,885.5
2019/1/25 9:15,-5.9569,1.1,-13.8,-10.4,203.3,71,9.1,885.6
2019/1/25 9:30,-7.3452,1,-13.3,-9.5,293.9,67,8.9,885.6
2019/1/25 9:45,-8.083,1,-12.9,-9.1,293.9,64.4,8.8,885.8
2019/1/25 10:00,-9.0583,1,-12.4,-8.2,375.8,61.3,8.7,885.8
2019/1/25 10:15,-9.8967,1,-12.1,-7.8,375.8,59.2,8.6,885.9
2019/1/25 10:30,-10.7299,1,-11.6,-7.1,446.6,56.7,8.6,885.9
2019/1/25 10:45,-11.4256,1,-11.1,-6.7,446.6,54.6,8.6,885.8
2019/1/25 11:00,-11.9324,1,-10.6,-6.1,504.5,52.5,8.6,885.8
2019/1/25 11:15,-12.4342,1,-10.2,-5.7,504.5,51,8.5,885.8
2019/1/25 11:30,-12.924,1,-9.7,-5.2,548.2,49.4,8.3,885.7
2019/1/25 11:45,-13.0891,1,-9.3,-4.8,548.2,48,8,885.7
2019/1/25 12:00,-13.539,1,-8.9,-4.4,577,46.6,7.7,885.6
2019/1/25 12:15,-13.7662,1,-8.6,-4.1,577,45.4,7.5,885.5
2019/1/25 12:30,-13.8616,1,-8.2,-3.7,590.2,44.4,7.2,885.5
2019/1/25 12:45,-13.8172,1,-7.9,-3.4,590.2,43.6,6.8,885.4
2019/1/25 13:00,-13.7107,1,-7.6,-3.2,587.3,42.9,6.5,885.4
2019/1/25 13:15,-13.5664,1.1,-7.3,-3,587.3,42.3,6.1,885.3
2019/1/25 13:30,-13.2778,1.1,-7.1,-2.9,568.5,41.8,5.7,885.3
2019/1/25 13:45,-12.8922,1.1,-6.8,-2.7,568.5,41.4,5.4,885.3
2019/1/25 14:00,-12.4349,1.1,-6.7,-2.7,534.1,41.2,5.1,885.3
2019/1/25 14:15,-11.9273,1.1,-6.5,-2.6,534.1,40.9,4.9,885.3
2019/1/25 14:30,-11.3153,1.1,-6.4,-2.7,484.9,40.9,4.7,885.3
2019/1/25 14:45,-10.6212,1.1,-6.3,-2.6,484.9,40.7,4.6,885.3
2019/1/25 15:00,-9.9263,1.1,-6.2,-2.9,421.9,40.9,4.5,885.4
2019/1/25 15:15,-9.1249,1.1,-6.2,-2.9,421.9,40.9,4.4,885.4
2019/1/25 15:30,-8.2458,1.1,-6.2,-3.3,346.7,41.4,4.3,885.5
2019/1/25 15:45,-7.2838,1.1,-6.2,-3.3,346.7,41.5,4.2,885.5
2019/1/25 16:00,-6.2315,1.1,-6.4,-3.8,261.4,42.3,4.2,885.5
2019/1/25 16:15,-5.1119,1.1,-6.4,-3.9,261.4,42.6,4.2,885.5
2019/1/25 16:30,-3.9641,1.2,-6.6,-4.6,168.8,44.1,4.2,885.5
2019/1/25 16:45,-2.7809,1.2,-6.7,-4.8,168.8,44.8,4.2,885.5
2019/1/26 7:45,-0.0525,1.3,-14.1,-11.9,0,86.7,74,883.4
2019/1/26 8:00,-0.0525,1.3,-13.9,-11.7,17,86.1,73.8,883.3
2019/1/26 8:15,-0.2575,1.2,-14.2,-12.2,19.8,82.3,71,881.8
2019/1/26 8:30,-0.7636,1.2,-13.6,-11.5,108,81.1,72.6,881.7
2019/1/26 8:45,-1.3134,1.2,-13.3,-11.1,108,80.4,74,881.6
2019/1/26 9:00,-1.7197,1.2,-12.2,-9.7,148.2,69.5,75.5,881.4
2019/1/26 9:15,-2.3583,1.1,-11.7,-9,148.2,64.5,77.5,881.4
2019/1/26 9:30,-4.3637,1.1,-11,-8.1,184.1,60.2,78.3,881.4
2019/1/26 9:45,-3.3085,1.1,-10.5,-7.6,184.1,57.3,78.4,881.1
2019/1/26 10:00,-3.9375,1.1,-9.8,-6.8,227.7,54.7,77.7,880.9
2019/1/26 10:15,-4.7611,1.1,-9.3,-6.3,227.7,52.8,76.3,880.8
2019/1/26 10:30,-4.1469,1.1,-8.5,-5.1,336.4,49.7,75.1,880.6
2019/1/26 10:45,-5.0394,1.1,-7.8,-4.5,336.4,47.3,73.9,880.5
2019/1/26 11:00,-9.0376,1.2,-6.8,-3.3,481.1,44.8,66,880.4
2019/1/26 11:15,-5.8415,1.2,-6,-2.6,481.1,43.5,53.3,880.1
2019/1/26 11:30,-11.3967,1.2,-5.2,-2,536.4,42.3,42.7,879.8
2019/1/26 11:45,-11.3745,1.3,-4.4,-1.5,536.4,41.7,35.1,879.5
2019/1/26 12:00,-11.7149,1.4,-3.7,-0.9,563.2,41.5,29.1,879.2
2019/1/26 12:15,-11.8296,1.4,-3.1,-0.4,563.2,41.9,24.4,879
2019/1/26 12:30,-8.9184,1.5,-2.5,0.1,575.4,42.8,21.3,878.8
2019/1/26 12:45,-10.6345,1.7,-2,0.4,575.4,44.3,19.2,878.5
2019/1/26 13:00,-9.9633,1.8,-1.6,0.7,572.9,45.9,17.8,878.2
2019/1/26 13:15,-9.8619,1.9,-1.2,1,572.9,47.2,16.7,878
2019/1/26 13:30,-9.0183,2,-0.8,1.2,555,48.3,15.6,877.7
2019/1/26 13:45,-10.1239,2.1,-0.5,1.4,555,49.1,14.4,877.5
2019/1/26 14:00,-8.3538,2.1,-0.3,1.4,521.9,49.8,13.3,877.3
2019/1/26 14:15,-9.244,2.2,-0.2,1.5,521.9,50.3,12.6,877.1
2019/1/26 14:30,-9.1552,2.2,-0.1,1.4,474.1,51,12.2,877
2019/1/26 14:45,-8.4663,2.3,0.1,1.5,474.1,51.5,12.3,876.8
2019/1/26 15:00,-7.4673,2.3,0.2,1.3,412.6,52.3,12.6,876.6
2019/1/26 15:15,-6.8568,2.3,0.4,1.4,412.6,52.6,13,876.5
2019/1/26 15:30,-5.8548,2.4,0.4,1.1,339,53.4,13.3,876.4
2019/1/26 15:45,-4.8455,2.4,0.6,1.1,339,53.4,13.7,876.3
2019/1/26 16:00,-4.0107,2.4,0.4,0.7,255.7,54.3,14,876.1
2019/1/26 16:15,-3.1309,2.5,0.5,0.7,255.7,54.5,14.1,875.9
2019/1/26 16:30,-2.3073,2.4,0.1,0.1,165.6,54.7,14.2,875.8
2019/1/26 16:45,-1.4748,2.4,0,-0.1,165.6,54.7,14.2,875.7
2019/1/27 7:45,-0.119,1.6,-11.2,-9.9,0,86.7,12.1,875.6
2019/1/27 8:00,-0.199,1.6,-11.2,-9.7,25.2,86.2,11.8,875.7
2019/1/27 8:15,-1.0692,1.5,-10.9,-9.4,25.4,80.7,6.2,874.2
2019/1/27 8:30,-2.4434,1.5,-10.5,-8.6,113.9,77.8,6.1,874.4
2019/1/27 8:45,-3.472,1.5,-10.3,-8.4,113.9,75.4,5.6,874.5
2019/1/27 9:00,-4.5761,1.5,-9.5,-7.4,208.6,69.3,5.2,874.5
2019/1/27 9:15,-5.5396,1.5,-8.8,-6.9,208.6,64.6,5.2,874.6
2019/1/27 9:30,-6.8006,1.5,-8,-5.9,298.9,60.7,5.2,874.6
2019/1/27 9:45,-7.9357,1.5,-7.8,-5.6,298.9,60.2,5.2,874.7
2019/1/27 10:00,-8.9118,1.5,-7.6,-5,381.3,59.6,5.1,874.9
2019/1/27 10:15,-9.8331,1.5,-7.5,-4.9,381.3,58.6,5.2,875
2019/1/27 10:30,-10.4006,1.5,-7.3,-4.5,452.7,57.8,5.5,875
2019/1/27 10:45,-10.8661,1.4,-7.3,-4.4,452.7,57.1,5.7,875
2019/1/27 11:00,-11.7386,1.4,-7.2,-4.1,512.5,56,5.8,875.2
2019/1/27 11:15,-12.1197,1.4,-7.2,-4,512.5,55.4,5.9,875.3
2019/1/27 11:30,-12.4393,1.4,-7.1,-3.8,556.9,54.5,6.1,875.5
2019/1/27 11:45,-12.7058,1.4,-7.1,-3.7,556.9,53.7,6.3,875.5
2019/1/27 12:00,-13.4628,1.4,-6.9,-3.5,585.5,52.9,6.6,875.5
2019/1/27 12:15,-13.9179,1.4,-6.9,-3.4,585.5,52.3,6.9,875.5
2019/1/27 12:30,-13.8106,1.4,-6.7,-3.2,598.1,51.7,7.2,875.5
2019/1/27 12:45,-13.7728,1.4,-6.6,-3.1,598.1,51.1,7.6,875.5
2019/1/27 13:00,-13.5915,1.4,-6.5,-3,594.6,50.6,7.9,875.4
2019/1/27 13:15,-13.4028,1.4,-6.4,-2.9,594.6,50.2,8.1,875.4
2019/1/27 13:30,-13.2289,1.4,-6.3,-2.9,575.3,50,8.2,875.3
2019/1/27 13:45,-12.8389,1.4,-6.2,-2.8,575.3,49.8,8.3,875.3
2019/1/27 14:00,-12.759,1.4,-6.2,-2.9,540.5,49.7,8.4,875.3
2019/1/27 14:15,-12.1063,1.4,-6.1,-2.8,540.5,49.3,8.4,875.2
2019/1/27 14:30,-11.4936,1.4,-6.1,-3,491.3,49.1,8.4,875.2
2019/1/27 14:45,-11.0408,1.3,-6.1,-3,491.3,48.7,8.4,875.1
2019/1/27 15:00,-10.1217,1.3,-6.1,-3.2,428.6,48.7,8.3,875.1
2019/1/27 15:15,-9.3595,1.3,-6.1,-3.3,428.6,48.5,8.2,875.1
2019/1/27 15:30,-8.3435,1.3,-6.3,-3.6,353.6,48.9,8.1,875.1
2019/1/27 15:45,-7.2586,1.3,-6.3,-3.7,353.6,49,8,875.1
2019/1/27 16:00,-6.2907,1.3,-6.5,-4.2,268.2,49.6,7.9,875.2
2019/1/27 16:15,-5.0623,1.3,-6.6,-4.3,268.2,50,7.9,875.2
2019/1/27 16:30,-3.9649,1.3,-6.9,-4.9,175.4,51.1,8,875.1
2019/1/27 16:45,-2.7749,1.3,-7,-5,175.4,51.8,8.2,875.2
2019/1/28 7:45,-0.2417,1.2,-15.5,-13.5,0,89.3,8.3,878.1
2019/1/28 8:00,-0.4417,1.2,-15.2,-13.2,28.9,88.2,8.8,878.1
2019/1/28 8:15,-1.8551,1,-14.4,-12.9,29,73.9,8.1,876.2
2019/1/28 8:30,-2.8445,1.1,-13.6,-11.8,119.6,69.6,8.2,876.3
2019/1/28 8:45,-4.0588,1.1,-13.2,-11.3,119.6,68.9,8.4,876.4
2019/1/28 9:00,-5.2673,1.1,-12.3,-10.1,215.6,63.7,8.5,876.6
2019/1/28 9:15,-6.6311,1.1,-11.7,-9.4,215.6,61.7,8.6,876.6
2019/1/28 9:30,-7.4828,1.1,-10.9,-8.2,306.7,56.8,8.8,876.7
2019/1/28 9:45,-7.4059,1.1,-10.4,-7.6,306.7,54.7,8.9,876.6
2019/1/28 10:00,-6.8324,1.1,-9.7,-6.5,389,51.8,9.1,876.7
2019/1/28 10:15,-10.2482,1.1,-9.2,-5.9,389,50.3,9.4,876.8
2019/1/28 10:30,-10.9742,1.1,-8.5,-4.9,459.9,48,9.9,876.8
2019/1/28 10:45,-11.6313,1.1,-7.9,-4.4,459.9,46.4,10.7,876.8
2019/1/28 11:00,-12.1693,1.1,-7.2,-3.5,517.9,44.4,11.7,876.8
2019/1/28 11:15,-12.5881,1.1,-6.6,-3,517.9,43,13.1,876.7
2019/1/28 11:30,-13.0136,1.2,-5.9,-2.3,561.4,41.3,14.6,876.6
2019/1/28 11:45,-12.8108,1.2,-5.4,-1.8,561.4,40,16.2,876.3
2019/1/28 12:00,-12.8737,1.2,-4.7,-1.2,589.7,38.5,18.1,876.2
2019/1/28 12:15,-13.6855,1.2,-4.2,-0.7,589.7,37.3,20.4,876.1
2019/1/28 12:30,-13.5012,1.2,-3.6,-0.2,602.3,36.3,23.1,875.9
2019/1/28 12:45,-13.8883,1.2,-3,0.2,602.3,35.4,26.4,875.7
2019/1/28 13:00,-12.0457,1.3,-2.5,0.5,598.6,34.8,29.9,875.5
2019/1/28 13:15,-11.0911,1.3,-2.1,0.8,598.6,34.3,33.2,875.2
2019/1/28 13:30,-13.8646,1.3,-1.7,1.1,578.8,34,36.2,875.1
2019/1/28 13:45,-11.5935,1.3,-1.2,1.3,578.8,33.9,38.4,874.9
2019/1/28 14:00,-11.6771,1.4,-0.9,1.4,543.6,34.2,40.4,874.7
2019/1/28 14:15,-10.1831,1.5,-0.5,1.6,543.6,34.6,43.1,874.6
2019/1/28 14:30,-8.4715,1.5,-0.3,1.5,493.9,35.5,46.2,874.5
2019/1/28 14:45,-6.7132,1.6,-0.1,1.6,493.9,36.3,49.7,874.4
2019/1/28 15:00,-5.5085,1.6,-0.1,1.4,428.1,37.4,53.8,874.4
2019/1/28 15:15,-4.383,1.7,0,1.4,428.1,38.1,58,874.3
2019/1/28 15:30,-3.4077,1.7,0,1.1,348.7,39.2,61.2,874.2
2019/1/28 15:45,-2.7661,1.7,0.1,1.1,348.7,39.8,63.4,874.1
2019/1/28 16:00,-1.7315,1.8,0,0.6,263.2,41.3,65,873.9
2019/1/28 16:15,-1.8699,1.8,0,0.5,263.2,42.1,66.2,873.8
2019/1/28 16:30,-1.8255,1.9,-0.4,-0.2,176.9,43.9,66.6,873.6
2019/1/28 16:45,-0.3885,1.9,-0.5,-0.4,176.9,44.7,66.7,873.5
2019/1/29 7:45,-0.1338,1.8,-9.5,-8.9,0,83.9,19.1,872.5
2019/1/29 8:00,-0.2338,1.8,-9.2,-8.6,30.1,83,16,872.5
2019/1/29 8:15,-1.2254,1.7,-9.6,-9.1,30.6,79.5,9,872
2019/1/29 8:30,-2.4442,1.7,-8.8,-8.2,119.8,77,9.1,872.1
2019/1/29 8:45,-3.586,1.7,-8.5,-7.7,119.8,75.6,9.2,872.2
2019/1/29 9:00,-4.6967,1.8,-7.6,-6.5,214.4,71.6,9.5,872.2
2019/1/29 9:15,-5.7808,1.8,-7.1,-5.9,214.4,69.9,9.8,872.1
2019/1/29 9:30,-6.6844,1.8,-6.3,-4.8,304.4,66.6,10.2,872.1
2019/1/29 9:45,-7.8958,1.8,-6,-4.4,304.4,66.1,10.4,872.1
2019/1/29 10:00,-8.4537,1.9,-5.5,-3.5,385.5,63.8,10.3,872.1
2019/1/29 10:15,-8.4138,1.9,-5.1,-3.1,385.5,62.7,10,872.1
2019/1/29 10:30,-10.2105,1.9,-4.6,-2.3,455.7,61,9.6,871.9
2019/1/29 10:45,-10.7248,1.9,-4.2,-1.8,455.7,59.6,9.4,871.9
2019/1/29 11:00,-10.909,1.9,-3.6,-1,513.5,57.8,9.2,871.8
2019/1/29 11:15,-10.6929,2,-3.1,-0.6,513.5,56.4,9.2,871.7
2019/1/29 11:30,-12.3957,2,-2.6,0,557.5,55.1,9.5,871.7
2019/1/29 11:45,-12.0656,2,-2.1,0.4,557.5,54.3,10.3,871.6
2019/1/29 12:00,-11.8052,2.1,-1.7,0.9,585.1,53.3,11.6,871.5
2019/1/29 12:15,-11.7275,2.1,-1.2,1.3,585.1,52.3,13.1,871.4
2019/1/29 12:30,-12.0346,2.1,-0.6,1.8,596.5,51.3,14.5,871.4
2019/1/29 12:45,-10.579,2.2,-0.2,2.1,596.5,50.6,15.6,871.3
2019/1/29 13:00,-12.9633,2.2,0.2,2.3,591.6,50.1,16.5,871.2
2019/1/29 13:15,-12.2544,2.3,0.5,2.5,591.6,49.6,17.5,871.1
2019/1/29 13:30,-12.3898,2.3,0.7,2.6,572.5,49.1,18.6,871.1
2019/1/29 13:45,-12.2884,2.3,0.9,2.7,572.5,48.6,19.6,871.1
2019/1/29 14:00,-12.0664,2.3,1,2.7,537.7,48.4,20.5,871.2
2019/1/29 14:15,-10.8402,2.3,1.2,2.8,537.7,48.2,21.3,871.2
2019/1/29 14:30,-10.593,2.3,1.2,2.7,488.1,48.7,21.8,871.2
2019/1/29 14:45,-7.5983,2.4,1.3,2.7,488.1,49.1,22.2,871.4
2019/1/29 15:00,-8.1747,2.4,1.3,2.4,425.7,49.9,22.5,871.4
2019/1/29 15:15,-6.3935,2.4,1.3,2.4,425.7,50.4,22.9,871.6
2019/1/29 15:30,-5.7727,2.4,1.2,2,352,51.4,23.4,871.7
2019/1/29 15:45,-5.1444,2.5,1.1,1.9,352,52.1,23.7,871.7
2019/1/29 16:00,-3.7503,2.5,0.8,1.4,267.8,53.5,23.7,871.8
2019/1/29 16:15,-3.2574,2.5,0.6,1.2,267.8,54.4,23.4,872
2019/1/29 16:30,-2.4212,2.5,0.2,0.7,171.6,55.9,22.9,872.1
2019/1/29 16:45,-1.3897,2.5,-0.1,0.4,171.6,56.8,22.3,872.2
2019/1/30 7:45,-0.1191,1.1,-14.5,-11.8,0,80.9,47.9,881.4
2019/1/30 8:00,-0.1391,1.1,-14.5,-11.6,33.8,79.4,48.5,881.5
2019/1/30 8:15,-0.4151,1,-14.7,-11.5,32.7,74.9,69.8,881.2
2019/1/30 8:30,-0.6215,1,-14.4,-10.9,119.8,72,69.1,881.3
2019/1/30 8:45,-1.1581,1,-14.4,-10.7,119.8,70.3,69,881.6
2019/1/30 9:00,-1.787,1,-14.2,-10.1,199.4,67.6,68.9,881.8
2019/1/30 9:15,-2.6447,1,-14.1,-9.9,199.4,65.8,69.4,882.1
2019/1/30 9:30,-2.1903,0.9,-13.8,-9.3,273.2,63.4,69.6,882.3
2019/1/30 9:45,-2.9266,0.9,-13.6,-9.1,273.2,61.7,69.2,882.3
2019/1/30 10:00,-2.9252,0.9,-13.4,-8.5,339.8,59.7,68.6,882.3
2019/1/30 10:15,-3.509,0.9,-13.2,-8.3,339.8,58.3,68.3,882.3
2019/1/30 10:30,-3.8235,0.9,-13,-7.8,414.7,56.8,67.3,882.2
2019/1/30 10:45,-3.9145,0.9,-12.8,-7.7,414.7,55.6,66.1,882.2
2019/1/30 11:00,-3.5801,0.9,-12.6,-7.3,485.5,54.3,65.3,882.1
2019/1/30 11:15,-3.9826,0.9,-12.4,-7.1,485.5,53.4,64.9,882
2019/1/30 11:30,-4.4525,0.9,-12.2,-6.7,536.8,52.4,64.8,881.8
2019/1/30 11:45,-4.5546,0.9,-12.1,-6.6,536.8,51.5,64.9,881.6
2019/1/30 12:00,-5.9799,0.9,-11.9,-6.3,564.1,50.7,65.3,881.4
2019/1/30 12:15,-6.4416,0.9,-11.7,-6.2,564.1,50,65.9,881.3
2019/1/30 12:30,-6.8102,0.9,-11.5,-5.9,582.2,49.2,66.5,881.2
2019/1/30 12:45,-8.8992,0.9,-11.3,-5.8,582.2,48.3,66.8,881.1
2019/1/30 13:00,-10.8587,0.9,-11.1,-5.7,585.4,47.5,66.6,881
2019/1/30 13:15,-9.3239,0.9,-11,-5.5,585.4,46.7,65.1,881
2019/1/30 13:30,-10.8935,0.9,-10.8,-5.5,556.9,46.1,62,880.8
2019/1/30 13:45,-10.8698,0.9,-10.7,-5.4,556.9,45.5,57.5,880.7
2019/1/30 14:00,-9.583,0.9,-10.6,-5.5,524.8,45.1,52.3,880.6
2019/1/30 14:15,-9.8131,0.9,-10.5,-5.4,524.8,44.7,47.1,880.5
2019/1/30 14:30,-10.3526,0.9,-10.5,-5.6,491.6,44.5,43,880.5
2019/1/30 14:45,-8.7364,0.9,-10.4,-5.6,491.6,44.3,39.8,880.5
2019/1/30 15:00,-7.6523,0.9,-10.5,-5.9,444.2,44.3,37.7,880.5
2019/1/30 15:15,-6.9693,0.9,-10.5,-5.9,444.2,44.1,36.2,880.5
2019/1/30 15:30,-7.8721,0.9,-10.6,-6.3,369,44.2,34.9,880.5
2019/1/30 15:45,-6.0561,0.9,-10.6,-6.4,369,44.1,33.7,880.5
2019/1/30 16:00,-6.8087,0.9,-10.8,-6.9,283.3,44.5,32.7,880.5
2019/1/30 16:15,-5.527,0.9,-10.8,-7,283.3,44.6,32.2,880.5
2019/1/30 16:30,-3.9182,0.8,-11,-7.6,189.5,45.4,32.3,880.5
2019/1/30 16:45,-2.6292,0.8,-11.1,-7.7,189.5,45.6,32.6,880.6
2019/1/31 7:45,-0.2868,0.8,-18.4,-15.3,0,76.2,22,879.3
2019/1/31 8:00,-0.5868,0.8,-18.1,-14.9,39.3,74.2,21.9,879.3
2019/1/31 8:15,-1.8152,0.7,-18.3,-15,39.4,65.7,25.6,878.1
2019/1/31 8:30,-2.9666,0.6,-17.6,-14.1,134.5,59.1,26.2,877.9
2019/1/31 8:45,-4.1921,0.6,-17.2,-13.6,134.5,55.9,26.5,877.9
2019/1/31 9:00,-5.0142,0.6,-16.5,-12.6,232.8,51.5,26.8,877.9
2019/1/31 9:15,-6.6718,0.6,-16,-12.1,232.8,49.3,27,877.9
2019/1/31 9:30,-7.6079,0.6,-15.4,-11.2,325.7,46.2,27.4,878
2019/1/31 9:45,-8.5758,0.6,-15,-10.7,325.7,44.9,28,878
2019/1/31 10:00,-9.5156,0.6,-14.4,-9.9,409.4,43.2,28.7,878
2019/1/31 10:15,-10.4532,0.6,-14,-9.4,409.4,42.2,29.6,877.9
2019/1/31 10:30,-11.3604,0.6,-13.4,-8.7,481.6,40.8,30.5,877.6
2019/1/31 10:45,-11.7319,0.6,-13,-8.3,481.6,40,31.5,877.5
2019/1/31 11:00,-12.4438,0.6,-12.5,-7.6,540.7,38.8,32.3,877.3
2019/1/31 11:15,-12.8101,0.7,-12.1,-7.3,540.7,38,32.9,877
2019/1/31 11:30,-13.2719,0.7,-11.6,-6.7,585.3,37.2,33.4,876.7
2019/1/31 11:45,-13.684,0.7,-11.2,-6.4,585.3,36.6,33.8,876.7
2019/1/31 12:00,-13.8675,0.7,-10.8,-6,614.5,36,34.2,876.4
2019/1/31 12:15,-14.1658,0.7,-10.5,-5.7,614.5,35.7,34.9,876.3
2019/1/31 12:30,-14.2856,0.7,-10.2,-5.4,627.5,35.5,35.6,876.2
2019/1/31 12:45,-14.1273,0.7,-9.9,-5.2,627.5,35.3,36.3,875.9
2019/1/31 13:00,-14.1724,0.7,-9.6,-5,624.2,35.1,36.7,875.7
2019/1/31 13:15,-13.9156,0.8,-9.3,-4.8,624.2,35,36.4,875.6
2019/1/31 13:30,-13.4643,0.8,-9.1,-4.7,604.7,35,35.1,875.4
2019/1/31 13:45,-12.9255,0.8,-8.8,-4.5,604.7,35.1,32.5,875.3
2019/1/31 14:00,-12.5304,0.8,-8.6,-4.5,569.6,35.4,28.8,875.2
2019/1/31 14:15,-12.227,0.8,-8.4,-4.4,569.6,35.6,24.6,875.1
2019/1/31 14:30,-11.5891,0.8,-8.2,-4.5,519.4,36,20.4,875
2019/1/31 14:45,-10.8491,0.9,-8.1,-4.4,519.4,36.3,16.7,874.9
2019/1/31 15:00,-10.0788,0.9,-8,-4.7,455,36.9,14.1,874.9
2019/1/31 15:15,-9.2892,0.9,-7.9,-4.6,455,37.2,12.9,874.8
2019/1/31 15:30,-8.4404,0.9,-8,-5,377.9,37.9,13,874.7
2019/1/31 15:45,-7.2312,0.9,-7.9,-5,377.9,38.4,14.2,874.7
2019/1/31 16:00,-6.0931,0.9,-8.1,-5.4,290.3,39.3,15.9,874.6
2019/1/31 16:15,-4.8159,0.9,-8.1,-5.5,290.3,39.9,17.5,874.6
2019/1/31 16:30,-3.6222,1,-8.3,-6,195,41.3,18.9,874.5
2019/1/31 16:45,-2.2769,1,-8.3,-6.1,195,42.1,20.4,874.4
2019/2/1 7:45,-0.255,1.1,-13.9,-12.6,0,76.5,6.6,870.3
2019/2/1 8:00,-0.555,1.2,-13.6,-12.1,41.6,75.5,6.5,870.1
2019/2/1 8:15,-1.5969,1.2,-13.4,-12,41.6,75.3,6.5,870
2019/2/1 8:30,-2.7313,1.2,-12.6,-10.9,136.2,73.1,6.7,870
2019/2/1 8:45,-3.8176,1.2,-12.2,-10.4,136.2,72.1,6.8,869.9
2019/2/1 9:00,-4.901,1.2,-11.1,-9.2,234.1,65.8,7,869.8
2019/2/1 9:15,-5.9962,1.2,-10.6,-8.5,234.1,62.3,7.2,869.7
2019/2/1 9:30,-7.1224,1.2,-9.7,-7.4,326.7,57.6,7.4,869.6
2019/2/1 9:45,-8.0733,1.2,-9,-6.8,326.7,54.7,7.5,869.5
2019/2/1 10:00,-9.1523,1.2,-8.1,-5.7,410.1,50.9,7.6,869.3
2019/2/1 10:15,-10.0158,1.2,-7.4,-5,410.1,49.5,7.7,869.2
2019/2/1 10:30,-10.8691,1.3,-6.5,-4,482.1,48,7.8,869
2019/2/1 10:45,-11.4995,1.3,-5.9,-3.5,482.1,47.5,8,868.8
2019/2/1 11:00,-12.0501,1.4,-5.3,-2.6,540.3,46.6,8.3,868.6
2019/2/1 11:15,-12.3668,1.4,-4.7,-2.2,540.3,45.9,8.6,868.4
2019/2/1 11:30,-12.7716,1.4,-4.1,-1.4,583.8,44.6,8.9,868.2
2019/2/1 11:45,-13.2274,1.5,-3.5,-1,583.8,43.5,9.2,867.9
2019/2/1 12:00,-13.4568,1.5,-3,-0.4,612.3,42.9,9.6,867.6
2019/2/1 12:15,-13.2807,1.6,-2.6,-0.1,612.3,42.9,10.4,867.3
2019/2/1 12:30,-13.4894,1.6,-2.1,0.3,624.7,43,11.5,867.1
2019/2/1 12:45,-13.4102,1.7,-1.7,0.6,624.7,42.9,12.9,867
2019/2/1 13:00,-13.3851,1.7,-1.3,0.9,620.4,42.4,14.1,866.7
2019/2/1 13:15,-13.3022,1.7,-0.9,1.2,620.4,41.9,14.7,866.5
2019/2/1 13:30,-12.9226,1.7,-0.6,1.3,600.5,41.5,15.1,866.3
2019/2/1 13:45,-12.2891,1.8,-0.4,1.5,600.5,41.2,15.4,866
2019/2/1 14:00,-11.575,1.8,-0.3,1.5,565.4,41.5,15.7,865.9
2019/2/1 14:15,-11.3582,1.8,-0.2,1.5,565.4,41.8,16,865.7
2019/2/1 14:30,-11.1895,1.8,-0.1,1.4,515.4,42.4,16.5,865.6
2019/2/1 14:45,-10.6596,1.9,0,1.5,515.4,42.6,17,865.5
2019/2/1 15:00,-9.9663,1.9,0,1.2,451.8,43.2,17.7,865.4
2019/2/1 15:15,-9.1604,1.9,0.2,1.3,451.8,43.4,18.5,865.3
2019/2/1 15:30,-8.1858,1.9,0.1,0.9,376,44.1,19.4,865.1
2019/2/1 15:45,-7.1617,2,0,0.9,376,44.3,20.2,865
2019/2/1 16:00,-6.301,2,-0.2,0.3,289.9,45.3,20.8,864.9
2019/2/1 16:15,-5.2221,2,-0.4,0.2,289.9,45.7,21.7,864.8
2019/2/1 16:30,-3.9974,2,-0.8,-0.4,196.1,47.5,23.1,864.6
2019/2/1 16:45,-3.0325,2,-1.1,-0.7,196.1,49,25,864.6
2019/2/2 7:45,-0.167,2.5,-5.3,-5,0,83.4,82.2,861.9
2019/2/2 8:00,-0.367,2.5,-5.3,-4.8,20.3,82.7,81.9,862
2019/2/2 8:15,-1.4918,2,-7.4,-6.7,22.3,79.5,75.8,860.3
2019/2/2 8:30,-2.5966,2,-6.9,-6.1,68.1,77.6,75.7,860.5
2019/2/2 8:45,-3.0421,2.1,-6.6,-5.8,68.1,76.6,76.1,860.7
2019/2/2 9:00,-1.3749,2.1,-5.9,-5.1,114.4,73.2,76.7,860.8
2019/2/2 9:15,-1.4037,2.1,-5.5,-4.7,114.4,70.4,77.1,860.9
2019/2/2 9:30,-0.9131,2,-5,-4,152.9,65.8,76.7,861.2
2019/2/2 9:45,-1.4977,1.9,-4.8,-3.7,152.9,63,77.4,861.2
2019/2/2 10:00,-1.9639,1.9,-4.4,-2.8,239.7,59.6,78.8,861.4
2019/2/2 10:15,-2.0993,1.9,-4.1,-2.5,239.7,57.6,79.1,861.4
2019/2/2 10:30,-1.5917,1.9,-3.7,-2.1,261.3,55.8,79.1,861.6
2019/2/2 10:45,-0.6844,1.9,-3.4,-1.8,261.3,55.1,78.9,861.5
2019/2/2 11:00,-0.7925,1.9,-2.9,-1.2,320.9,53.9,78.4,861.3
2019/2/2 11:15,-1.0914,1.9,-2.6,-0.9,320.9,53.1,78.1,861.3
2019/2/2 11:30,-1.7611,1.9,-2.3,-0.6,336.6,52.3,78.1,861.3
2019/2/2 11:45,-4.1262,2,-2.2,-0.5,336.6,51.9,78.2,861.4
2019/2/2 12:00,-4.5184,2,-2,-0.3,347.1,51.4,78.3,861.5
2019/2/2 12:15,-5.6994,2,-1.9,-0.1,347.1,51.1,78,861.6
2019/2/2 12:30,-6.6215,2,-1.7,0,342,50.8,77.6,861.5
2019/2/2 12:45,-6.1641,2,-1.6,0.1,342,50.4,77.3,861.5
2019/2/2 13:00,-7.878,2,-1.3,0.5,390.4,49.8,77.4,861.4
2019/2/2 13:15,-6.8553,2,-1.1,0.7,390.4,49.6,77.7,861.5
2019/2/2 13:30,-6.8109,2,-0.9,0.8,394.4,49.3,78.4,861.6
2019/2/2 13:45,-5.7105,2,-0.8,1,394.4,49,79,861.8
2019/2/2 14:00,-3.7554,2.1,-0.6,1,354.4,48.8,78.9,861.9
2019/2/2 14:15,-2.2118,2.1,-0.5,1.1,354.4,48.5,78.7,862
2019/2/2 14:30,-2.2059,2.1,-0.4,1,331.1,48.5,79,862
2019/2/2 14:45,-2.7298,2.1,-0.3,1.1,331.1,48.2,79.5,862.1
2019/2/2 15:00,-1.9994,2.1,-0.2,0.9,286.5,48.2,80.3,862.2
2019/2/2 15:15,-1.955,2.1,-0.1,1,286.5,48,80.5,862.4
2019/2/2 15:30,-1.6842,2.1,-0.1,0.8,239.1,48.2,80,862.5
2019/2/2 15:45,-1.4674,2.1,-0.1,0.7,239.1,48.1,79.4,862.6
2019/2/2 16:00,-1.7227,2.1,-0.2,0.5,201,48.7,77.8,862.7
2019/2/2 16:15,-1.1373,2.1,-0.2,0.4,201,49,76.5,862.8
2019/2/2 16:30,-0.8539,2.1,-0.6,-0.1,169.7,50.3,74.9,862.9
2019/2/2 16:45,-0.6874,2.1,-0.7,-0.3,169.7,51.2,73.4,863
2019/2/3 7:45,-0.1604,1.5,-13.3,-11.7,0,94.6,26.6,868.2
2019/2/3 8:00,-0.2604,1.5,-13,-11.4,46.2,93.7,23.2,868.2
2019/2/3 8:15,-0.737,1.4,-13.6,-11.5,46.5,92.3,30.5,870.2
2019/2/3 8:30,-1.5799,1.5,-12.7,-10.5,140.5,89,29.5,870.3
2019/2/3 8:45,-3.1168,1.5,-12.2,-10,140.5,86,28,870.4
2019/2/3 9:00,-2.8327,1.4,-11.5,-8.8,237.5,79.6,26.9,870.4
2019/2/3 9:15,-2.4338,1.4,-11.1,-8.3,237.5,74.7,26.1,870.3
2019/2/3 9:30,-5.0475,1.3,-10.4,-7.2,329.5,67.8,25.3,870.4
2019/2/3 9:45,-7.4429,1.3,-10.1,-6.8,329.5,61.9,23.7,870.3
2019/2/3 10:00,-7.8736,1.2,-9.8,-6.1,412.7,59.1,21,870.3
2019/2/3 10:15,-9.1175,1.2,-9.6,-5.9,412.7,58.4,18.2,870.3
2019/2/3 10:30,-5.1607,1.3,-9.2,-5.4,484.5,57.3,15.9,870.4
2019/2/3 10:45,-9.3373,1.3,-8.8,-5.2,484.5,55.8,14.7,870.5
2019/2/3 11:00,-8.8466,1.3,-8.2,-4.7,542.3,54.1,13.8,870.4
2019/2/3 11:15,-10.3237,1.3,-8,-4.6,542.3,53.7,11.6,870.4
2019/2/3 11:30,-11.7733,1.3,-7.8,-4.3,586.8,53.5,8.9,870.4
2019/2/3 11:45,-12.4423,1.3,-7.7,-4.2,586.8,53.4,6.7,870.3
2019/2/3 12:00,-12.8671,1.3,-7.6,-4,613.4,53.2,5.1,870.2
2019/2/3 12:15,-12.1803,1.3,-7.6,-3.9,613.4,53.2,4.3,870
2019/2/3 12:30,-12.8012,1.3,-7.5,-3.7,601.8,52.9,4.1,870
2019/2/3 12:45,-12.9618,1.3,-7.4,-3.6,601.8,53,4.4,870.1
2019/2/3 13:00,-13.4065,1.3,-7.5,-3.8,534.9,54,4.9,870.2
2019/2/3 13:15,-8.305,1.4,-7.6,-3.8,534.9,55.3,5,870.3
2019/2/3 13:30,-6.7968,1.4,-7.7,-4.1,464.6,56.1,4.9,870.4
2019/2/3 13:45,-10.9889,1.4,-7.8,-4.1,464.6,55.4,5,870.5
2019/2/3 14:00,-10.3933,1.3,-7.9,-4.3,410.5,54.1,5.4,870.7
2019/2/3 14:15,-4.6035,1.3,-7.9,-4.3,410.5,52.5,5.9,870.8
2019/2/3 14:30,-3.7636,1.2,-7.9,-4.4,394.2,51,6.2,871
2019/2/3 14:45,-3.5431,1.2,-7.9,-4.4,394.2,49.7,6.7,871.1
2019/2/3 15:00,-4.1861,1.2,-7.9,-4.5,389,48.9,7.3,871.2
2019/2/3 15:15,-4.9054,1.2,-7.9,-4.5,389,48.4,7.8,871.3
2019/2/3 15:30,-3.2263,1.2,-8.1,-4.8,342.7,48.3,8.3,871.4
2019/2/3 15:45,-2.3354,1.1,-8.1,-4.8,342.7,48.4,8.8,871.5
2019/2/3 16:00,-4.2416,1.2,-8.4,-5.4,282.6,49.6,9.5,871.6
2019/2/3 16:15,-2.0801,1.2,-8.5,-5.5,282.6,51.2,10.3,871.6
2019/2/3 16:30,-5.1748,1.2,-8.9,-6.1,201.7,54,11.4,871.6
2019/2/3 16:45,-4.1432,1.2,-9,-6.2,201.7,56.2,12.7,871.5
2019/2/4 7:45,-0.1151,1.4,-11.1,-10,0,72,44.4,868
2019/2/4 8:00,-0.2151,1.4,-10.8,-9.5,49.5,71.1,44.6,868.1
2019/2/4 8:15,-0.4151,1.7,-10.4,-9.1,48.6,83.7,54.4,867.8
2019/2/4 8:30,-0.9952,1.7,-9.8,-8.2,141.7,81.8,54,867.8
2019/2/4 8:45,-1.4193,1.7,-9.4,-7.9,141.7,81.1,54.1,867.8
2019/2/4 9:00,-1.7234,1.8,-8.6,-6.9,237.4,77.9,53.4,867.8
2019/2/4 9:15,-4.3267,1.8,-8,-6.4,237.4,75.7,53,867.8
2019/2/4 9:30,-5.7601,1.9,-7.2,-5.4,328,72.4,53.4,867.9
2019/2/4 9:45,-5.0194,1.9,-6.6,-4.8,328,69.4,54.1,867.7
2019/2/4 10:00,-8.2028,1.9,-6,-4,409.9,66.6,54,867.6
2019/2/4 10:15,-9.4668,1.9,-5.6,-3.7,409.9,65.1,52.8,867.5
2019/2/4 10:30,-10.4347,1.9,-5.2,-3.1,480.6,62.9,52.1,867.4
2019/2/4 10:45,-10.1009,1.9,-4.9,-2.9,480.6,61.3,51.3,867.3
2019/2/4 11:00,-11.6956,1.9,-4.6,-2.4,538.9,60.2,49.3,867.2
2019/2/4 11:15,-9.6126,1.9,-4.4,-2.3,538.9,59.8,46.9,867.1
2019/2/4 11:30,-5.4745,1.9,-4.2,-1.9,583,59.1,45.2,866.9
2019/2/4 11:45,-12.2418,1.9,-4,-1.8,583,58.4,43.9,866.6
2019/2/4 12:00,-10.9845,1.9,-3.7,-1.5,612.1,57.4,43.3,866.5
2019/2/4 12:15,-13.2874,1.9,-3.6,-1.3,612.1,56.6,43,866.4
2019/2/4 12:30,-13.9208,1.9,-3.4,-1.1,625.3,55.7,42.8,866.3
2019/2/4 12:45,-9.0146,1.9,-3.2,-1,625.3,55.1,41.7,866.4
2019/2/4 13:00,-12.059,1.9,-3.2,-0.9,622.6,54.6,40.2,866.4
2019/2/4 13:15,-10.7277,1.9,-3.1,-0.8,622.6,54.2,39,866.4
2019/2/4 13:30,-5.3835,1.9,-3,-0.8,604,53.9,38,866.5
2019/2/4 13:45,-8.3324,1.9,-2.9,-0.7,604,53.5,37.2,866.5
2019/2/4 14:00,-5.5211,1.9,-2.9,-0.8,570.1,53.2,36.5,866.5
2019/2/4 14:15,-6.1708,1.9,-2.9,-0.7,570.1,52.9,35.9,866.5
2019/2/4 14:30,-3.859,1.9,-2.9,-0.9,521.3,52.8,35.2,866.5
2019/2/4 14:45,-6.6599,1.9,-2.8,-0.9,521.3,52.6,34.7,866.6
2019/2/4 15:00,-4.9949,1.9,-2.9,-1.1,458.5,52.7,34.2,866.6
2019/2/4 15:15,-6.0228,1.9,-2.9,-1.1,458.5,52.5,34.1,866.6
2019/2/4 15:30,-3.8265,1.9,-3,-1.4,383.4,52.6,34.2,866.6
2019/2/4 15:45,-2.7039,1.8,-3,-1.4,383.4,52.3,34.4,866.7
2019/2/4 16:00,-2.4353,1.8,-3.2,-1.9,298,52.6,34.8,866.7
2019/2/4 16:15,-2.7394,1.8,-3.3,-1.9,298,52.5,35.5,866.8
2019/2/4 16:30,-2.9932,1.8,-3.6,-2.5,204.9,53.3,36.1,866.8
2019/2/4 16:45,-0.9871,1.8,-3.7,-2.6,204.9,53.7,36.5,866.9
2019/2/5 7:45,-0.2521,1.8,-10.5,-9.5,0,91.4,39.6,865
2019/2/5 8:00,-0.4521,1.8,-10.1,-9,52.3,89.7,40.7,864.9
2019/2/5 8:15,-1.3223,1.8,-10,-8.8,52.3,88.7,42.3,864.9
2019/2/5 8:30,-2.3576,1.9,-9.3,-7.9,146.4,85.3,44.1,864.9
2019/2/5 8:45,-3.4839,1.9,-8.9,-7.5,146.4,82.9,45.9,864.8
2019/2/5 9:00,-4.5362,1.9,-8.1,-6.4,242.7,77.8,47.5,864.8
2019/2/5 9:15,-5.7904,1.9,-7.6,-6,242.7,75,48.8,864.7
2019/2/5 9:30,-5.7986,1.9,-6.9,-5,333.7,70.5,49.8,864.6
2019/2/5 9:45,-7.5065,1.8,-6.4,-4.5,333.7,67.7,50.5,864.5
2019/2/5 10:00,-2.7527,1.9,-5.7,-3.6,415.7,64.2,51.2,864.3
2019/2/5 10:15,-9.3735,1.9,-5.1,-3.1,415.7,62,51.9,864.1
2019/2/5 10:30,-9.9233,1.9,-4.5,-2.2,486.3,59.4,53,863.9
2019/2/5 10:45,-10.878,1.9,-4,-1.9,486.3,57.4,54.1,863.8
2019/2/5 11:00,-11.7452,1.9,-3.5,-1.2,543.7,55.5,55.1,863.6
2019/2/5 11:15,-12.4253,1.9,-3.1,-0.9,543.7,54.3,56,863.5
2019/2/5 11:30,-12.634,1.9,-2.7,-0.4,587,53,57.1,863.2
2019/2/5 11:45,-13.0506,1.9,-2.4,-0.1,587,51.9,58.5,863
2019/2/5 12:00,-13.149,1.9,-2.1,0.2,615.6,50.8,60.2,862.9
2019/2/5 12:15,-13.4591,1.9,-1.8,0.5,615.6,49.9,62.1,862.8
2019/2/5 12:30,-13.2844,1.9,-1.6,0.7,628.6,49.2,63.5,862.7
2019/2/5 12:45,-13.6189,1.9,-1.4,0.9,628.6,48.8,63.9,862.5
2019/2/5 13:00,-13.4124,2,-1.3,1.1,625.6,48.6,63.7,862.4
2019/2/5 13:15,-13.4857,2,-1.2,1.2,625.6,48.5,63,862.3
2019/2/5 13:30,-13.072,2,-1.1,1.2,606.8,48.5,61.3,862.2
2019/2/5 13:45,-13.0343,2,-0.9,1.4,606.8,48.3,58.9,862.2
2019/2/5 14:00,-10.7137,2,-0.8,1.4,570.7,48.1,56.7,862.1
2019/2/5 14:15,-11.3456,2,-0.7,1.5,570.7,47.9,54.7,862
2019/2/5 14:30,-11.1998,2,-0.6,1.5,506.5,47.9,52.9,861.9
2019/2/5 14:45,-10.5857,2,-0.5,1.5,506.5,47.9,51,861.8
2019/2/5 15:00,-9.9611,2.1,-0.6,1.2,400.3,48.3,49,861.7
2019/2/5 15:15,-8.9488,2.1,-0.5,1.2,400.3,48.5,47.2,861.6
2019/2/5 15:30,-7.5494,2.1,-0.6,0.7,278.7,49.4,45.7,861.5
2019/2/5 15:45,-6.6992,2.1,-0.6,0.6,278.7,49.8,44.2,861.4
2019/2/5 16:00,-5.658,2.1,-0.8,0.1,176,51,43.2,861.3
2019/2/5 16:15,-4.5398,2.2,-0.8,0.1,176,51.7,42.9,861.3
2019/2/5 16:30,-3.5801,2.2,-0.9,-0.4,106.4,53.2,42.6,861.2
2019/2/5 16:45,-2.4101,2.2,-1,-0.5,106.4,54.2,42.6,861.2
2019/2/6 7:45,-0.11,1.5,-11.6,-8.7,0,82,47.2,866.5
2019/2/6 8:00,-0.31,1.5,-11.7,-8.6,30.3,81.7,46.4,866.8
2019/2/6 8:15,-0.7525,1.5,-11.8,-8.7,22.9,85.5,63.9,867
2019/2/6 8:30,-1.184,1.5,-11.7,-8.4,68.8,84.4,62.7,867.1
2019/2/6 8:45,-1.5613,1.5,-11.6,-8.3,68.8,83.7,62.3,867.2
2019/2/6 9:00,-1.9447,1.5,-11.5,-7.9,126.5,82.3,61.9,867.4
2019/2/6 9:15,-3.0894,1.5,-11.4,-7.8,126.5,81.6,61.9,867.5
2019/2/6 9:30,-3.5845,1.5,-11.3,-7.3,182.1,80.6,62.4,867.8
2019/2/6 9:45,-6.0953,1.5,-11.2,-7.2,182.1,80.1,63.7,867.7
2019/2/6 10:00,-3.7251,1.5,-11,-6.8,229.5,79.2,65.7,867.9
2019/2/6 10:15,-8.1281,1.5,-10.9,-6.7,229.5,78.4,67.4,868
2019/2/6 10:30,-5.0194,1.5,-10.8,-6.4,270.1,77.2,68.8,868.1
2019/2/6 10:45,-9.7872,1.5,-10.7,-6.2,270.1,76.4,69.5,868.2
2019/2/6 11:00,-7.0026,1.5,-10.5,-5.9,305.9,75.4,69.6,868.3
2019/2/6 11:15,-6.6599,1.5,-10.4,-5.8,305.9,74.6,69.5,868.4
2019/2/6 11:30,-6.435,1.5,-10.3,-5.6,324.4,73.8,69.2,868.2
2019/2/6 11:45,-9.4682,1.5,-10.2,-5.4,324.4,73.2,67.7,868.1
2019/2/6 12:00,-8.1148,1.5,-10.1,-5.1,362.2,72.3,65.8,868
2019/2/6 12:15,-9.0664,1.5,-10,-4.9,362.2,71.7,64.4,867.9
2019/2/6 12:30,-9.4327,1.5,-9.8,-4.6,394.7,70.9,62.4,867.9
2019/2/6 12:45,-9.5704,1.5,-9.6,-4.4,394.7,70.2,59.3,867.9
2019/2/6 13:00,-7.004,1.5,-9.4,-4.2,418.3,68.9,55.9,867.9
2019/2/6 13:15,-10.5901,1.5,-9.1,-4.1,418.3,67.2,52.9,868
2019/2/6 13:30,-7.1062,1.5,-8.9,-3.7,481.1,64.9,49.9,868.1
2019/2/6 13:45,-7.4643,1.4,-8.6,-3.5,481.1,62.8,47.4,868.2
2019/2/6 14:00,-7.5479,1.4,-8.4,-3.3,512.8,61,45.3,868.3
2019/2/6 14:15,-7.9882,1.4,-8.3,-3.2,512.8,59.8,43.4,868.5
2019/2/6 14:30,-7.5886,1.4,-8.3,-3.4,480.4,59,41.5,868.6
2019/2/6 14:45,-8.2073,1.4,-8.3,-3.4,480.4,58.4,39.2,868.7
2019/2/6 15:00,-3.7473,1.4,-8.3,-3.7,432.2,58,37.1,868.7
2019/2/6 15:15,-6.6881,1.3,-8.3,-3.8,432.2,57.4,35.4,868.9
2019/2/6 15:30,-5.4219,1.3,-8.4,-4.2,373.8,57.1,34.1,869
2019/2/6 15:45,-4.1787,1.3,-8.5,-4.3,373.8,56.4,33.1,869.2
2019/2/6 16:00,-3.4469,1.3,-8.7,-5,300.2,56.3,32.1,869.3
2019/2/6 16:15,-2.8519,1.3,-8.9,-5.2,300.2,56.1,30.8,869.4
2019/2/6 16:30,-4.104,1.2,-9.3,-6.1,212.7,57,29.2,869.6
2019/2/6 16:45,-2.9881,1.2,-9.6,-6.4,212.7,57.7,27.3,869.8
2019/2/7 7:45,-0.6117,0.5,-21.7,-17.3,0,62.4,8.7,879.1
2019/2/7 8:00,-1.6117,0.5,-21.5,-16.8,64.8,60.3,8.8,879.2
2019/2/7 8:15,-2.106,0.4,-21.7,-17.1,64.7,55.9,11.5,879
2019/2/7 8:30,-2.9074,0.4,-21.4,-16.3,165,52.9,12.5,879.2
2019/2/7 8:45,-3.256,0.4,-21.2,-16.1,165,51.9,13.5,879.2
2019/2/7 9:00,-6.7769,0.4,-20.8,-15.3,265.6,50.3,14.4,879.3
2019/2/7 9:15,-7.1602,0.4,-20.6,-15,265.6,49.7,15.4,879.2
2019/2/7 9:30,-5.0926,0.4,-20.1,-14.2,359.8,48.5,16.6,879.3
2019/2/7 9:45,-6.691,0.4,-19.8,-13.9,359.8,47.9,17.9,879.2
2019/2/7 10:00,-5.8844,0.4,-19.3,-13.1,444.5,46.8,19.2,879.2
2019/2/7 10:15,-6.597,0.4,-19,-12.8,444.5,46.1,20.3,878.9
2019/2/7 10:30,-8.0016,0.5,-18.5,-12.1,517.4,44.9,21.3,878.9
2019/2/7 10:45,-8.8859,0.5,-18,-11.7,517.4,44,22.3,878.8
2019/2/7 11:00,-10.9305,0.5,-17.6,-11,576.8,42.9,23.8,878.9
2019/2/7 11:15,-10.724,0.5,-17.2,-10.7,576.8,42.3,25.5,878.8
2019/2/7 11:30,-12.1744,0.5,-16.7,-10.1,621.3,41.6,27.2,878.7
2019/2/7 11:45,-10.0884,0.5,-16.3,-9.7,621.3,41.2,29.1,878.5
2019/2/7 12:00,-12.3506,0.5,-15.9,-9.3,650.1,40.7,31.4,878.4
2019/2/7 12:15,-13.0247,0.5,-15.5,-8.9,650.1,40.4,34.2,878.4
2019/2/7 12:30,-11.8259,0.5,-15.1,-8.6,662.8,40.1,37.4,878.1
2019/2/7 12:45,-9.2522,0.6,-14.7,-8.3,662.8,39.8,41.6,877.9
2019/2/7 13:00,-9.449,0.6,-14.4,-8,659,39.3,46.5,877.6
2019/2/7 13:15,-8.1636,0.6,-14,-7.7,659,38.9,50.4,877.5
2019/2/7 13:30,-8.9317,0.6,-13.7,-7.4,639.6,38.4,53.7,877.4
2019/2/7 13:45,-7.838,0.6,-13.4,-7.1,639.6,37.8,57.6,877.5
2019/2/7 14:00,-6.099,0.6,-13.2,-7,604.1,37.3,61.1,877.6
2019/2/7 14:15,-5.473,0.6,-12.9,-6.8,604.1,36.7,63.8,877.6
2019/2/7 14:30,-5.214,0.6,-12.7,-6.7,552.5,36.2,66.4,877.5
2019/2/7 14:45,-4.7404,0.6,-12.5,-6.5,552.5,35.5,68.5,877.5
2019/2/7 15:00,-4.3186,0.6,-12.4,-6.6,483.4,35.3,68.9,877.4
2019/2/7 15:15,-3.5534,0.6,-12.2,-6.5,483.4,35.1,68.7,877.4
2019/2/7 15:30,-3.4728,0.6,-12.1,-6.7,398.4,35.2,68.2,877.4
2019/2/7 15:45,-2.8371,0.6,-12,-6.6,398.4,35,67.2,877.4
2019/2/7 16:00,-2.3065,0.6,-11.9,-7.1,321.2,35.2,65.4,877.4
2019/2/7 16:15,-2.2111,0.6,-11.8,-7.1,321.2,35,65.4,877.4
2019/2/7 16:30,-1.4237,0.6,-11.9,-7.6,225,35.6,67.4,877.5
2019/2/7 16:45,-1.0493,0.6,-11.8,-7.7,225,35.9,70.3,877.5
2019/2/8 7:45,-0.1909,1.5,-11.6,-9,0,85.8,32,873.5
2019/2/8 8:00,-0.1909,1.5,-11.5,-8.7,42.1,84.8,32,873.5
2019/2/8 8:15,-0.5638,1.1,-15.2,-12.6,65.4,83.9,13.2,872.8
2019/2/8 8:30,-0.7318,1.1,-14.4,-11.5,163.8,79.6,12.7,873
2019/2/8 8:45,-1.1936,1.1,-14,-11.1,163.8,74.8,12.4,873
2019/2/8 9:00,-5.8304,1.1,-13.5,-10,263.1,70.7,12.1,873.1
2019/2/8 9:15,-6.9855,1.1,-13,-9.5,263.1,69.3,11.9,872.9
2019/2/8 9:30,-8.1525,1.1,-12.5,-8.5,356.3,66.8,11.7,872.9
2019/2/8 9:45,-9.133,1.1,-12,-8.1,356.3,65.3,11.3,872.8
2019/2/8 10:00,-7.5058,1.1,-11.5,-7.3,440.2,63.2,10.7,872.8
2019/2/8 10:15,-8.9088,1.2,-11,-6.9,440.2,61.6,10,872.6
2019/2/8 10:30,-8.9088,1.2,-10.5,-6.1,512.5,58.8,9.4,872.6
2019/2/8 10:45,-10.1683,1.1,-10.1,-5.7,512.5,55.3,8.7,872.6
2019/2/8 11:00,-12.8626,1.1,-9.7,-5.1,571.5,51.1,7.9,872.4
2019/2/8 11:15,-13.7092,1,-9.4,-4.8,571.5,47.4,7,872.2
2019/2/8 11:30,-14.6734,1,-9.1,-4.4,616.5,44.2,6.2,872.1
2019/2/8 11:45,-14.7659,0.9,-8.8,-4.2,616.5,42.3,5.7,872.1
2019/2/8 12:00,-14.7297,1,-8.6,-3.8,645.2,41.7,5.5,872.1
2019/2/8 12:15,-11.2605,1,-8.4,-3.7,645.2,42.2,5.5,872
2019/2/8 12:30,-14.6778,1,-8.2,-3.4,657.6,43.5,5.7,871.9
2019/2/8 12:45,-13.9734,1.1,-8.1,-3.3,657.6,44.8,6.2,871.9
2019/2/8 13:00,-3.8879,1.1,-7.9,-3.1,637.8,45.9,6.6,871.9
2019/2/8 13:15,-9.0405,1.1,-7.8,-3,637.8,46.7,7,871.9
2019/2/8 13:30,-14.0459,1.2,-7.7,-3.1,578.5,47.4,7.4,871.9
2019/2/8 13:45,-13.1993,1.2,-7.7,-3.2,578.5,47.7,8,872
2019/2/8 14:00,-14.2605,1.2,-7.9,-3.5,527.7,47.9,8.4,872
2019/2/8 14:15,-13.8232,1.2,-8,-3.6,527.7,47.9,8.5,872.2
2019/2/8 14:30,-13.2415,1.1,-8.1,-3.9,494.5,48.1,8.3,872.4
2019/2/8 14:45,-12.3587,1.1,-8.3,-4.1,494.5,48,8,872.6
2019/2/8 15:00,-11.7985,1.1,-8.5,-4.4,440.1,48.1,7.8,872.8
2019/2/8 15:15,-10.7522,1.1,-8.7,-4.6,440.1,47.9,7.6,873
2019/2/8 15:30,-9.805,1.1,-8.9,-5.1,387.1,47.9,7.4,873.1
2019/2/8 15:45,-8.5987,1,-9.1,-5.2,387.1,47.7,7.2,873.3
2019/2/8 16:00,-7.7019,1,-9.4,-5.9,314.3,48,7,873.5
2019/2/8 16:15,-5.9732,1,-9.5,-6,314.3,48,7.1,873.6
2019/2/8 16:30,-5.3568,1,-9.9,-6.7,222,48.6,7.4,873.8
2019/2/8 16:45,-4.2705,1,-10.1,-7,222,49,7.9,874
2019/2/9 7:45,-0.0858,0.9,-18.4,-15.4,0,89.6,14.5,881
2019/2/9 8:00,-0.0858,0.9,-17.9,-14.7,70.3,86.8,15.3,881
2019/2/9 8:15,-0.3722,0.7,-19.8,-16.1,70.8,77.8,9.7,881.2
2019/2/9 8:30,-0.8953,0.7,-19.3,-15.1,170.7,73.4,10.2,881.4
2019/2/9 8:45,-1.4718,0.7,-19,-14.7,170.7,71.7,10.6,881.6
2019/2/9 9:00,-1.9151,0.7,-18.5,-13.7,270.5,68.7,11.1,881.8
2019/2/9 9:15,-2.0497,0.7,-18.1,-13.2,270.5,67,11.6,881.9
2019/2/9 9:30,-2.7772,0.7,-17.7,-12.3,363.9,64.8,12,882
2019/2/9 9:45,-3.7651,0.7,-17.3,-11.9,363.9,63.5,12.3,882
2019/2/9 10:00,-4.1876,0.7,-16.8,-11,448,61.8,12.5,882
2019/2/9 10:15,-4.2742,0.7,-16.5,-10.6,448,60.5,12.7,881.8
2019/2/9 10:30,-5.1356,0.7,-16.1,-9.9,520.4,58.8,12.8,881.7
2019/2/9 10:45,-5.4345,0.7,-15.7,-9.5,520.4,57.3,13,881.6
2019/2/9 11:00,-7.0951,0.7,-15.3,-8.8,579.6,55.5,13.2,881.6
2019/2/9 11:15,-5.0549,0.7,-14.9,-8.4,579.6,54,13.5,881.4
2019/2/9 11:30,-4.7478,0.7,-14.5,-7.8,624.2,52.4,13.8,881.2
2019/2/9 11:45,-5.1237,0.7,-14.2,-7.5,624.2,50.9,14.3,881.1
2019/2/9 12:00,-6.2759,0.7,-13.8,-7,653.2,49.4,14.7,881.1
2019/2/9 12:15,-6.5453,0.7,-13.5,-6.7,653.2,48.2,15.3,881.1
2019/2/9 12:30,-7.2483,0.7,-13.2,-6.3,666.1,47.2,15.9,880.9
2019/2/9 12:45,-6.8213,0.8,-12.8,-6,666.1,46.5,16.4,880.8
2019/2/9 13:00,-6.7502,0.8,-12.5,-5.8,663.1,45.9,17,880.5
2019/2/9 13:15,-6.1575,0.8,-12.1,-5.6,663.1,45.4,17.8,880.3
2019/2/9 13:30,-6.0509,0.8,-11.8,-5.4,644,44.8,18.6,880.1
2019/2/9 13:45,-6.7073,0.8,-11.5,-5.2,644,44.1,19.6,880
2019/2/9 14:00,-5.4944,0.8,-11.2,-5.1,589.2,43.4,20.7,879.8
2019/2/9 14:15,-5.8556,0.8,-10.9,-4.9,589.2,42.7,21.9,879.7
2019/2/9 14:30,-3.6829,0.8,-10.7,-4.9,510.4,42.1,23.3,879.6
2019/2/9 14:45,-3.6038,0.8,-10.5,-4.8,510.4,41.6,24.8,879.6
2019/2/9 15:00,-3.5268,0.8,-10.3,-5,443.4,41.5,26.3,879.6
2019/2/9 15:15,-3.9767,0.8,-10.1,-4.9,443.4,41.2,27.8,879.5
2019/2/9 15:30,-2.6869,0.8,-10,-5.3,350.7,41.3,29.3,879.4
2019/2/9 15:45,-3.3196,0.8,-9.9,-5.3,350.7,41.2,30.8,879.4
2019/2/9 16:00,-2.7712,0.9,-9.8,-5.7,260,41.5,32.1,879.3
2019/2/9 16:15,-2.3317,0.9,-9.7,-5.8,260,41.5,33.5,879.3
2019/2/9 16:30,-2.2074,0.9,-9.8,-6.3,171.9,42,35.1,879.2
2019/2/9 16:45,-1.9572,0.9,-9.7,-6.4,171.9,42,36.9,879.1
2019/2/10 7:45,-0.2185,1.2,-14.3,-11.9,0,84.4,71.1,878.6
2019/2/10 8:00,-0.7185,1.2,-13.9,-11.4,41.2,82.7,70.9,878.6
2019/2/10 8:15,-0.6275,1,-16.4,-13.3,53.1,79.3,51.7,878.3
2019/2/10 8:30,-1.2172,0.9,-16,-12.4,169,73.3,50.9,878.2
2019/2/10 8:45,-1.8766,0.9,-15.7,-12,169,71.6,49.5,878
2019/2/10 9:00,-2.0853,0.9,-15.1,-11.1,272,67.7,47.8,877.7
2019/2/10 9:15,-3.0251,0.9,-14.8,-10.7,272,65.3,46.1,877.5
2019/2/10 9:30,-2.8711,0.9,-14.2,-9.6,365.2,61.7,45.4,877.3
2019/2/10 9:45,-2.88,0.9,-13.8,-9.2,365.2,58.7,45.5,877.2
2019/2/10 10:00,-2.8334,0.9,-13.3,-8.3,448.9,55.5,45.8,877
2019/2/10 10:15,-2.8652,0.9,-12.9,-7.8,448.9,53.2,46.1,877.2
2019/2/10 10:30,-2.9082,0.9,-12.4,-7.1,519.6,51.1,46,876.9
2019/2/10 10:45,-2.8438,0.9,-12,-6.7,519.6,49.6,45.7,876.8
2019/2/10 11:00,-2.8445,0.9,-11.6,-5.9,570,47.8,45.7,876.6
2019/2/10 11:15,-2.8734,0.9,-11.2,-5.6,570,46.4,45.8,876.6
2019/2/10 11:30,-2.8748,0.9,-10.7,-5,599.9,45,46.2,876.6
2019/2/10 11:45,-2.897,0.9,-10.3,-4.7,599.9,43.8,47.1,876.6
2019/2/10 12:00,-2.903,0.9,-9.9,-4.2,612.6,42.5,48.1,876.4
2019/2/10 12:15,-2.8327,0.9,-9.5,-4,612.6,41.3,49.3,876.2
2019/2/10 12:30,-2.8083,0.9,-9.2,-3.7,607.5,40.5,50.3,876.1
2019/2/10 12:45,-2.8526,0.9,-8.8,-3.5,607.5,39.8,51.7,876
2019/2/10 13:00,-2.7994,0.9,-8.5,-3.2,647.7,39.1,52.6,875.8
2019/2/10 13:15,-2.7949,0.9,-8.2,-3,647.7,38.5,53.4,875.6
2019/2/10 13:30,-2.789,0.9,-7.9,-3,641.4,38.2,53.7,875.4
2019/2/10 13:45,-2.7823,0.9,-7.6,-2.8,641.4,37.9,53.2,875.2
2019/2/10 14:00,-2.7646,1,-7.4,-2.8,608.3,38,52.6,875.1
2019/2/10 14:15,-2.7498,1,-7.1,-2.6,608.3,38.1,52.1,874.9
2019/2/10 14:30,-2.7217,1,-6.9,-2.7,558.4,38.5,51.7,874.7
2019/2/10 14:45,-2.6617,1,-6.6,-2.5,558.4,38.8,51.2,874.6
2019/2/10 15:00,-2.6262,1.1,-6.5,-2.7,494.4,39.3,50.9,874.5
2019/2/10 15:15,-2.5611,1.1,-6.3,-2.6,494.4,39.5,50.1,874.4
2019/2/10 15:30,-2.7172,1.1,-6.2,-2.9,417.8,40.1,48.9,874.2
2019/2/10 15:45,-2.8919,1.1,-6.1,-2.9,417.8,40.4,48.2,874.1
2019/2/10 16:00,-2.6972,1.1,-6.1,-3.3,330.6,41.2,48.5,873.9
2019/2/10 16:15,-2.5803,1.2,-6,-3.3,330.6,41.8,49.5,873.8
2019/2/10 16:30,-2.5973,1.2,-6.1,-3.8,223,43.1,51,873.6
2019/2/10 16:45,-2.0305,1.2,-6,-3.9,223,44.1,52.3,873.5
2019/2/11 7:45,-1.1738,1.2,-15,-12.7,0,86.7,20.4,877.4
2019/2/11 8:00,-1.6738,1.2,-14.6,-12.1,77.9,83.9,22.7,877.7
2019/2/11 8:15,-2.6299,1,-16.5,-13.5,78.1,82.7,48.8,878
2019/2/11 8:30,-2.8837,1,-16.1,-12.6,178.6,77.2,50,878.2
2019/2/11 8:45,-2.8186,0.9,-16,-12.3,178.6,73.9,51.1,878.3
2019/2/11 9:00,-2.5544,0.9,-15.7,-11.5,279,70.3,51.8,878.5
2019/2/11 9:15,-2.8489,0.9,-15.6,-11.2,279,68.3,52.7,878.6
2019/2/11 9:30,-2.8216,0.9,-15.3,-10.4,371.8,65.7,53.5,878.6
2019/2/11 9:45,-2.7942,0.9,-15.1,-10.2,371.8,64,54.4,878.6
2019/2/11 10:00,-2.8134,0.9,-14.8,-9.4,457.5,62,55.6,878.6
2019/2/11 10:15,-2.846,0.8,-14.6,-9.1,457.5,60.4,57,878.7
2019/2/11 10:30,-9.2507,0.8,-14.2,-8.5,528.2,58.7,58.2,878.7
2019/2/11 10:45,-11.9754,0.8,-14,-8.2,528.2,57.3,59.3,878.7
2019/2/11 11:00,-13.4783,0.8,-13.7,-7.7,588.3,55.8,59.9,878.7
2019/2/11 11:15,-11.0452,0.8,-13.4,-7.4,588.3,54.5,60,878.7
2019/2/11 11:30,-11.5728,0.8,-13.1,-6.9,632.9,53.2,59.8,878.5
2019/2/11 11:45,-14.6135,0.8,-12.8,-6.7,632.9,52.1,59.7,878.4
2019/2/11 12:00,-13.2082,0.8,-12.5,-6.3,662.1,50.8,59.7,878.3
2019/2/11 12:15,-14.8739,0.8,-12.3,-6,662.1,49.6,59.6,878.1
2019/2/11 12:30,-14.6112,0.8,-12,-5.7,675.3,48.3,59.5,878
2019/2/11 12:45,-13.9341,0.8,-11.7,-5.5,675.3,47.1,59.4,877.9
2019/2/11 13:00,-14.2294,0.8,-11.5,-5.3,672.1,46.1,58.8,877.8
2019/2/11 13:15,-14.8295,0.8,-11.3,-5.1,672.1,45.2,58.2,877.6
2019/2/11 13:30,-14.706,0.8,-11.1,-5.1,652.7,44.3,58.4,877.5
2019/2/11 13:45,-14.3996,0.8,-10.8,-4.9,652.7,43.5,59.3,877.4
2019/2/11 14:00,-13.983,0.8,-10.7,-4.9,617.3,42.7,60.6,877.4
2019/2/11 14:15,-13.5715,0.8,-10.5,-4.8,617.3,42,63.7,877.4
2019/2/11 14:30,-13.0691,0.8,-10.3,-4.8,540.2,41.3,69.2,877.4
2019/2/11 14:45,-10.8232,0.8,-10.2,-4.6,540.2,40.6,71,877.3
2019/2/11 15:00,-10.3488,0.8,-10.1,-5,397.9,40.4,71.2,877.3
2019/2/11 15:15,-11.1495,0.8,-10,-5,397.9,39.9,71.6,877.3
2019/2/11 15:30,-7.7803,0.8,-10,-5.4,300.5,39.8,71.7,877.4
2019/2/11 15:45,-8.228,0.8,-9.9,-5.4,300.5,39.4,71.6,877.4
2019/2/11 16:00,-3.8257,0.8,-10,-5.9,205.2,39.5,71.5,877.5
2019/2/11 16:15,-3.8398,0.8,-9.9,-5.9,205.2,39.3,71.1,877.4
2019/2/11 16:30,-1.6827,0.8,-9.9,-6.4,135.3,39.5,70.8,877.4
2019/2/11 16:45,-1.864,0.8,-9.9,-6.4,135.3,39.3,70,877.3
2019/2/12 7:45,-0.182,1.6,-11.3,-8.9,0,88.9,40,875.9
2019/2/12 8:00,-0.182,1.6,-11.2,-8.5,38.9,87.9,41,876.1
2019/2/12 8:15,-0.182,1.4,-13,-9.9,43,85.8,30.3,878.3
2019/2/12 8:30,-0.182,1.4,-12.7,-9.4,116.7,84.5,29.4,878.3
2019/2/12 8:45,-0.182,1.4,-12.6,-9.1,116.7,83.8,28.3,878.3
2019/2/12 9:00,-0.4647,1.4,-12.2,-8.3,215.6,82.1,27.4,878.4
2019/2/12 9:15,-0.626,1.4,-12,-8,215.6,81.1,26.7,878.4
2019/2/12 9:30,-0.8162,1.4,-11.6,-7.1,313.8,79.3,26.6,878.5
2019/2/12 9:45,-0.8672,1.4,-11.4,-6.7,313.8,78.1,26.6,878.4
2019/2/12 10:00,-1.1114,1.4,-11.1,-6,387.6,76.4,25.8,878.4
2019/2/12 10:15,-1.4237,1.4,-10.8,-5.6,387.6,74.9,24.6,878.5
2019/2/12 10:30,-1.77,1.4,-10.5,-4.9,461.1,73,23.9,878.4
2019/2/12 10:45,-1.9757,1.4,-10.3,-4.6,461.1,71.6,22.7,878.6
2019/2/12 11:00,-2.18,1.4,-10,-4,519.2,69.8,20.1,878.6
2019/2/12 11:15,-2.4027,1.4,-9.7,-3.7,519.2,68.4,17.4,878.7
2019/2/12 11:30,-2.6802,1.4,-9.4,-3.3,553.3,67.1,15.7,878.7
2019/2/12 11:45,-3.2959,1.4,-9.2,-3,553.3,66.3,14.6,878.7
2019/2/12 12:00,-5.0875,1.4,-8.9,-2.7,579.3,65.5,13.7,878.6
2019/2/12 12:15,-8.1089,1.5,-8.7,-2.5,579.3,64.5,13.3,878.6
2019/2/12 12:30,-9.6747,1.5,-8.4,-2.2,595.5,63.2,13.4,878.6
2019/2/12 12:45,-9.2337,1.5,-8.2,-2,595.5,62.1,14.3,878.6
2019/2/12 13:00,-7.8898,1.5,-8,-1.9,573.3,61.2,15.7,878.6
2019/2/12 13:15,-4.1795,1.5,-7.8,-1.8,573.3,60.4,17.2,878.6
2019/2/12 13:30,-7.3607,1.5,-7.6,-1.8,557.3,59.7,18.3,878.6
2019/2/12 13:45,-5.3842,1.5,-7.4,-1.7,557.3,58.9,19,878.5
2019/2/12 14:00,-6.546,1.5,-7.2,-1.7,530.8,58.3,19.6,878.5
2019/2/12 14:15,-11.2879,1.5,-7,-1.6,530.8,57.7,20.2,878.5
2019/2/12 14:30,-11.6039,1.5,-6.9,-1.8,479.7,57.3,20.7,878.5
2019/2/12 14:45,-4.3252,1.5,-6.8,-1.8,479.7,56.8,21.3,878.5
2019/2/12 15:00,-3.2404,1.5,-6.7,-2.2,405.7,56.7,22,878.6
2019/2/12 15:15,-8.3775,1.5,-6.6,-2.2,405.7,56.4,22.7,878.7
2019/2/12 15:30,-5.9895,1.5,-6.7,-2.7,324,56.5,23.4,878.8
2019/2/12 15:45,-4.5909,1.5,-6.6,-2.8,324,56.2,24,878.9
2019/2/12 16:00,-6.8968,1.5,-6.8,-3.3,249,56.4,24.7,878.9
2019/2/12 16:15,-6.085,1.5,-6.8,-3.4,249,56.3,25.4,879
2019/2/12 16:30,-4.8544,1.5,-7,-4,173,56.7,26.1,879.1
2019/2/12 16:45,-3.3514,1.4,-7.1,-4.2,173,56.8,26.9,879.2
2019/2/13 7:45,-0.7392,0.9,-17.7,-15.1,1.6,82.5,35.3,883.1
2019/2/13 8:00,-1.5503,0.9,-17.1,-14.3,85.8,82,35.4,883.1
2019/2/13 8:15,-2.2888,0.7,-18.5,-14.9,86.2,68.4,54.7,881.9
2019/2/13 8:30,-3.7481,0.7,-18,-13.9,187.5,65.2,54.9,882
2019/2/13 8:45,-4.9098,0.7,-17.6,-13.5,187.5,63.2,54.7,882
2019/2/13 9:00,-5.988,0.7,-16.9,-12.4,287.9,58,53.7,882
2019/2/13 9:15,-7.2349,0.7,-16.5,-11.9,287.9,54.9,51.9,881.9
2019/2/13 9:30,-8.137,0.6,-16,-10.9,381.9,51.6,49.6,881.9
2019/2/13 9:45,-9.1856,0.6,-15.6,-10.4,381.9,49.6,47,881.9
2019/2/13 10:00,-10.0129,0.6,-15.1,-9.6,466.5,47.6,44.4,881.8
2019/2/13 10:15,-10.6722,0.6,-14.8,-9.2,466.5,46.5,41.4,881.8
2019/2/13 10:30,-11.3567,0.6,-14.3,-8.4,539.4,45.1,38.3,881.8
2019/2/13 10:45,-12.0249,0.6,-14,-8,539.4,44.2,34.8,881.8
2019/2/13 11:00,-12.6317,0.7,-13.6,-7.4,599,43.2,31.3,881.8
2019/2/13 11:15,-13.2423,0.7,-13.2,-7,599,42.5,28.3,881.6
2019/2/13 11:30,-13.7366,0.7,-12.8,-6.4,644.1,41.7,25.6,881.6
2019/2/13 11:45,-14.293,0.7,-12.5,-6.1,644.1,41.2,23.2,881.5
2019/2/13 12:00,-14.979,0.7,-12.1,-5.6,673.5,40.7,20.9,881.4
2019/2/13 12:15,-15.2476,0.7,-11.7,-5.3,673.5,40.2,19.1,881.3
2019/2/13 12:30,-15.5266,0.7,-11.3,-4.9,686.7,39.7,17.8,881.1
2019/2/13 12:45,-15.5192,0.7,-11,-4.6,686.7,39.3,17,881
2019/2/13 13:00,-15.5214,0.8,-10.6,-4.3,683.5,39.1,16.8,880.9
2019/2/13 13:15,-15.224,0.8,-10.2,-4.1,683.5,38.9,16.5,880.7
2019/2/13 13:30,-15.204,0.8,-9.9,-3.9,663.8,38.7,16.2,880.5
2019/2/13 13:45,-14.9605,0.8,-9.6,-3.7,663.8,38.5,15.8,880.3
2019/2/13 14:00,-14.6586,0.8,-9.3,-3.6,628.3,38.4,15.7,880.1
2019/2/13 14:15,-14.2886,0.8,-9,-3.4,628.3,38.3,16.2,880
2019/2/13 14:30,-13.7218,0.9,-8.8,-3.5,577.5,38.4,17.2,879.8
2019/2/13 14:45,-13.0106,0.9,-8.5,-3.3,577.5,38.5,18.3,879.7
2019/2/13 15:00,-12.0797,0.9,-8.3,-3.5,513.4,39,19.7,879.6
2019/2/13 15:15,-11.2383,0.9,-8.1,-3.4,513.4,39.4,21.4,879.5
2019/2/13 15:30,-10.2697,1,-7.9,-3.7,436.4,40,23.7,879.4
2019/2/13 15:45,-9.1575,1,-7.7,-3.7,436.4,40.4,26.3,879.2
2019/2/13 16:00,-8.2139,1,-7.7,-4.1,347.9,41.3,29.3,879.1
2019/2/13 16:15,-7.1964,1,-7.5,-4.1,347.9,41.8,32.5,878.9
2019/2/13 16:30,-6.0457,1.1,-7.5,-4.7,251.1,43.1,36,878.8
2019/2/13 16:45,-4.7315,1.1,-7.5,-4.8,251.1,43.9,40,878.7
2019/2/14 7:45,-0.2501,1.7,-10,-8,1.4,83.6,74.7,873.2
2019/2/14 8:00,-0.2501,1.7,-9.9,-7.8,24.9,83.3,74.7,873
2019/2/14 8:15,-0.2501,1.7,-10.4,-8.4,20.4,84.6,79.7,872.5
2019/2/14 8:30,-0.2501,1.7,-10.3,-8.2,43.1,83.9,79.6,872.2
2019/2/14 8:45,-0.2501,1.7,-10.1,-8.1,43.1,83.4,78.5,872.1
2019/2/14 9:00,-0.2501,1.7,-10,-7.8,88.3,83.1,77.8,871.9
2019/2/14 9:15,-0.2501,1.7,-9.9,-7.7,88.3,83,77.2,871.7
2019/2/14 9:30,-0.2501,1.7,-9.6,-7.3,121.8,82.6,76.3,871.5
2019/2/14 9:45,-0.2501,1.8,-9.5,-7.2,121.8,82.3,75.8,871.3
2019/2/14 10:00,-0.2501,1.8,-9.2,-6.8,170,81.5,75.5,871.2
2019/2/14 10:15,-0.2501,1.8,-9.1,-6.6,170,81,74.8,871.2
2019/2/14 10:30,-0.1812,1.8,-8.8,-6.2,224.7,80.2,74.1,871.1
2019/2/14 10:45,-0.2582,1.8,-8.6,-6,224.7,80.1,73.3,871
2019/2/14 11:00,-0.2775,1.9,-8.3,-5.5,285.6,79.8,73.5,870.7
2019/2/14 11:15,-0.3973,1.9,-8,-5.3,285.6,79.9,74.6,870.4
2019/2/14 11:30,-0.6452,2,-7.7,-4.8,334.1,79.4,75,870.2
2019/2/14 11:45,-0.7755,2,-7.4,-4.6,334.1,79.1,75.6,870
2019/2/14 12:00,-0.6807,2,-7.2,-4.6,283.3,79.1,74.9,869.8
2019/2/14 12:15,-0.3551,2,-7,-4.5,283.3,78.9,74.9,869.6
2019/2/14 12:30,-2.4538,2.1,-6.8,-4.4,266.5,78.7,75.2,869.5
2019/2/14 12:45,-3.3899,2.1,-6.6,-4.3,266.5,78.5,76,869.4
2019/2/14 13:00,-2.8689,2.1,-6.5,-4.2,256.1,78.7,76.6,869.3
2019/2/14 13:15,-4.8506,2.2,-6.4,-4.1,256.1,80.1,73.6,869.1
2019/2/14 13:30,-5.7978,2.3,-6.1,-3.9,273.2,82.9,70.8,868.9
2019/2/14 13:45,-6.0265,2.5,-5.7,-3.7,273.2,86.1,61.3,868.8
2019/2/14 14:00,-4.9491,2.7,-4.7,-2.7,372.6,86.1,37.3,868.6
2019/2/14 14:15,-5.1577,2.7,-3.7,-2,372.6,81.7,20.5,868.5
2019/2/14 14:30,-5.0815,2.7,-2.7,-1.2,408.6,73.9,18.6,868.3
2019/2/14 14:45,-5.2451,2.5,-2.2,-0.8,408.6,67.9,19.7,868.2
2019/2/14 15:00,-3.9375,2.5,-2.5,-0.9,368.1,68.2,22.5,868.4
2019/2/14 15:15,-5.2739,2.5,-3.3,-1.3,368.1,72.6,25.8,868.7
2019/2/14 15:30,-5.9185,2.4,-4.3,-2.3,217.2,75.2,29.3,868.9
2019/2/14 15:45,-5.6336,2.2,-4.7,-2.6,217.2,70.9,33.5,869.2
2019/2/14 16:00,-5.2021,2,-4.8,-3.1,166.6,63.9,37.8,869.3
2019/2/14 16:15,-4.6708,1.8,-4.9,-3.2,166.6,57.9,41.1,869.4
2019/2/14 16:30,-3.9153,1.6,-5.2,-3.6,149.4,55.2,42.6,869.5
2019/2/14 16:45,-3.0251,1.6,-5.7,-4,149.4,54.5,42.8,869.7
2019/2/15 7:45,-0.3825,1,-16.1,-13.3,7.2,77.8,38.4,875.7
2019/2/15 8:00,-1.1284,1,-15.7,-12.7,94.5,75.8,38.3,875.7
2019/2/15 8:15,-1.941,0.8,-17.7,-14.3,96.9,77.9,37.7,875.9
2019/2/15 8:30,-2.6136,0.8,-17.5,-13.9,201.3,76.3,37.8,876.1
2019/2/15 8:45,-3.731,0.8,-17.4,-13.8,201.3,75.5,38.4,876.2
2019/2/15 9:00,-4.7115,0.8,-17.2,-13.4,304.2,74.2,39,876.2
2019/2/15 9:15,-5.8896,0.8,-17.2,-13.3,304.2,73.8,39.4,876
2019/2/15 9:30,-6.677,0.8,-17,-13,400.4,72.8,40.3,876.1
2019/2/15 9:45,-7.4577,0.8,-16.9,-12.8,400.4,72.2,41.4,876.2
2019/2/15 10:00,-8.3753,0.8,-16.6,-12.5,486.7,71.1,42.5,876.3
2019/2/15 10:15,-9.2766,0.9,-16.4,-12.3,486.7,70.3,43.6,876.4
2019/2/15 10:30,-9.97,0.9,-16.1,-11.9,561,69.2,44.3,876.4
2019/2/15 10:45,-10.5894,0.9,-15.9,-11.8,561,68.4,45,876.4
2019/2/15 11:00,-11.0999,0.9,-15.7,-11.4,621.7,67.3,45.8,876.5
2019/2/15 11:15,-11.6246,0.9,-15.4,-11.2,621.7,66.5,46.7,876.6
2019/2/15 11:30,-12.2647,0.9,-15.2,-10.9,667.5,65.6,47.5,876.6
2019/2/15 11:45,-12.6421,0.9,-15,-10.8,667.5,65,48.1,876.6
2019/2/15 12:00,-13.3059,0.9,-14.7,-10.5,697.5,64.3,48.9,876.7
2019/2/15 12:15,-13.8698,0.9,-14.5,-10.4,697.5,63.8,50,876.8
2019/2/15 12:30,-14.2864,0.9,-14.3,-10.2,711,63.3,51,876.8
2019/2/15 12:45,-14.5247,0.9,-14.2,-10,711,62.9,52.1,876.9
2019/2/15 13:00,-14.5898,0.9,-14,-9.9,707.9,62.6,53.5,877
2019/2/15 13:15,-14.4869,0.9,-13.8,-9.8,707.9,62.2,54.7,877
2019/2/15 13:30,-14.407,0.9,-13.7,-9.7,688,62,55.8,877.1
2019/2/15 13:45,-14.2035,0.9,-13.5,-9.6,688,61.6,56.5,877.2
2019/2/15 14:00,-14.054,0.9,-13.5,-9.6,652,61.4,56.9,877.3
2019/2/15 14:15,-13.6056,1,-13.3,-9.5,652,61,57,877.4
2019/2/15 14:30,-13.1579,1,-13.3,-9.5,600.6,60.8,56.9,877.5
2019/2/15 14:45,-12.3076,1,-13.2,-9.5,600.6,60.5,56.6,877.6
2019/2/15 15:00,-11.7645,1,-13.2,-9.6,534.8,60.4,55.7,877.7
2019/2/15 15:15,-10.8861,1,-13.1,-9.6,534.8,60.2,54,877.7
2019/2/15 15:30,-10.2112,1,-13.2,-9.8,456,60.4,51.6,877.8
2019/2/15 15:45,-9.4298,1,-13.2,-9.8,456,60.3,48.3,877.9
2019/2/15 16:00,-8.706,1,-13.2,-10,366.1,60.7,44.5,878.1
2019/2/15 16:15,-6.1656,1,-13.2,-10,366.1,60.8,40.9,878.2
2019/2/15 16:30,-3.7577,1,-13.4,-10.3,267.5,61.6,38.1,878.2
2019/2/15 16:45,-4.7345,1,-13.4,-10.4,267.5,61.9,36.1,878.3
2019/2/16 7:45,-1.0175,0.9,-18.3,-15.4,10.7,89.2,21.4,881.9
2019/2/16 8:00,-2.2037,0.9,-18,-15,103,87.7,21.6,882
2019/2/16 8:15,-3.2878,0.8,-19.8,-16.5,103.5,85.7,16.9,881.4
2019/2/16 8:30,-4.528,0.8,-19.3,-15.9,209.4,82.7,17.3,881.4
2019/2/16 8:45,-5.6114,0.8,-19.1,-15.6,209.4,80.9,17.8,881.4
2019/2/16 9:00,-6.8427,0.8,-18.6,-15,313.5,78.1,18.3,881.5
2019/2/16 9:15,-8.1096,0.8,-18.3,-14.6,313.5,76.4,18.7,881.5
2019/2/16 9:30,-9.2359,0.8,-17.9,-14,410.5,73.6,19.2,881.6
2019/2/16 9:45,-10.2334,0.8,-17.5,-13.7,410.5,71.8,19.6,881.5
2019/2/16 10:00,-10.9164,0.8,-17.1,-13.1,497.5,69.5,20.1,881.5
2019/2/16 10:15,-11.5684,0.8,-16.8,-12.8,497.5,67.8,20.5,881.5
2019/2/16 10:30,-12.3498,0.8,-16.4,-12.3,572.5,66,21,881.5
2019/2/16 10:45,-13.0254,0.8,-16,-11.9,572.5,64.6,21.5,881.5
2019/2/16 11:00,-13.8698,0.8,-15.6,-11.4,633.7,63,22,881.6
2019/2/16 11:15,-14.2435,0.8,-15.3,-11.1,633.7,61.7,22.5,881.6
2019/2/16 11:30,-14.7267,0.8,-14.9,-10.7,679.9,60.3,22.9,881.5
2019/2/16 11:45,-15.3609,0.8,-14.6,-10.4,679.9,59.2,23.3,881.4
2019/2/16 12:00,-15.5814,0.8,-14.2,-10,710.1,58.1,23.7,881.4
2019/2/16 12:15,-15.9314,0.8,-13.9,-9.8,710.1,57.1,24.1,881.3
2019/2/16 12:30,-15.9965,0.8,-13.6,-9.5,723.8,56,24.5,881.2
2019/2/16 12:45,-15.9891,0.8,-13.4,-9.3,723.8,55,24.8,881.2
2019/2/16 13:00,-15.9743,0.9,-13.1,-9.1,720.6,54,25.1,881.2
2019/2/16 13:15,-15.8167,0.9,-12.9,-8.9,720.6,53.3,25.3,881.1
2019/2/16 13:30,-15.6295,0.9,-12.7,-8.8,700.7,52.8,25.4,881
2019/2/16 13:45,-15.5214,0.9,-12.5,-8.6,700.7,52.3,25.6,880.9
2019/2/16 14:00,-15.1011,0.9,-12.4,-8.6,664.4,52.1,25.8,880.8
2019/2/16 14:15,-14.6142,0.9,-12.2,-8.5,664.4,51.7,26,880.8
2019/2/16 14:30,-14.2731,0.9,-12.1,-8.5,612.6,51.6,26.2,880.9
2019/2/16 14:45,-13.5797,0.9,-12,-8.4,612.6,51.3,26.3,880.9
2019/2/16 15:00,-13.0077,0.9,-11.9,-8.5,546.1,51.5,26.4,880.9
2019/2/16 15:15,-12.1737,0.9,-11.8,-8.5,546.1,51.4,26.4,881
2019/2/16 15:30,-11.2154,0.9,-11.8,-8.7,466.4,51.9,26.3,881
2019/2/16 15:45,-10.3015,0.9,-11.7,-8.7,466.4,52.1,26.2,881
2019/2/16 16:00,-9.4024,0.9,-11.8,-9,375.5,52.9,26.1,881
2019/2/16 16:15,-8.268,0.9,-11.8,-9,375.5,53.3,26,881
2019/2/16 16:30,-6.9981,1,-11.9,-9.3,275.7,55,25.8,881
2019/2/16 16:45,-5.6491,1,-12,-9.4,275.7,55.7,25.6,881
2019/2/17 7:45,-1.3305,0.9,-18,-15.9,13.9,86.3,26.7,880.7
2019/2/17 8:00,-2.5552,0.9,-17.7,-15.5,107.8,86.4,26.2,880.7
2019/2/17 8:15,-3.862,0.9,-19,-16.2,108.4,89.3,39.1,879.3
2019/2/17 8:30,-5.4227,0.9,-18.5,-15.6,214.9,88.9,42.1,879.4
2019/2/17 8:45,-6.6592,0.9,-18.2,-15.2,214.9,88.6,44.8,879.4
2019/2/17 9:00,-7.952,0.9,-17.6,-14.5,319.2,85.7,47.1,879.4
2019/2/17 9:15,-9.2344,0.9,-17.3,-14.1,319.2,84.1,49,879.2
2019/2/17 9:30,-10.317,0.9,-16.8,-13.4,416.4,79.2,50.7,879
2019/2/17 9:45,-11.3619,0.9,-16.5,-13,416.4,77.6,52.4,878.9
2019/2/17 10:00,-12.2847,0.9,-16.1,-12.3,503.5,75.7,54.2,878.9
2019/2/17 10:15,-13.1934,1,-15.6,-11.9,503.5,74.3,56.3,878.8
2019/2/17 10:30,-13.8291,1,-15.2,-11.2,578.5,72.3,58.3,878.7
2019/2/17 10:45,-14.3485,1,-14.7,-10.8,578.5,69.8,59.8,878.5
2019/2/17 11:00,-14.9302,0.9,-14.1,-10.2,639.6,64.1,61.2,878.6
2019/2/17 11:15,-15.2869,0.9,-13.8,-9.8,639.6,61.6,62.4,878.5
2019/2/17 11:30,-15.6613,0.9,-13.3,-9.3,685.4,60,62.9,878.5
2019/2/17 11:45,-16.0402,1,-12.8,-8.9,685.4,59,62.4,878.5
2019/2/17 12:00,-16.2267,1,-12.4,-8.4,715.1,57.9,60.6,878.5
2019/2/17 12:15,-16.2171,1,-12,-8.1,715.1,56.8,58.6,878.4
2019/2/17 12:30,-16.2452,1,-11.6,-7.7,728.2,55.2,57,878.3
2019/2/17 12:45,-16.2555,1,-11.2,-7.4,728.2,53.5,56.2,878.2
2019/2/17 13:00,-16.0698,1,-11,-7.2,724.5,52.2,56.1,878
2019/2/17 13:15,-16.0195,1,-10.8,-7,724.5,50.8,56.3,877.7
2019/2/17 13:30,-15.8507,1,-10.6,-6.8,704.1,49.6,56,877.6
2019/2/17 13:45,-15.4674,1,-10.3,-6.6,704.1,48.7,55.7,877.4
2019/2/17 14:00,-14.9983,1,-10.1,-6.5,667.4,48,55.3,877.3
2019/2/17 14:15,-14.5335,1,-9.9,-6.4,667.4,47.3,55,877.2
2019/2/17 14:30,-14.1369,1,-9.7,-6.4,615.2,46.9,55,877.1
2019/2/17 14:45,-13.559,1,-9.6,-6.2,615.2,46.5,55,877
2019/2/17 15:00,-12.7635,1,-9.5,-6.3,548.6,46.4,55.2,876.9
2019/2/17 15:15,-11.999,1,-9.3,-6.2,548.6,46.2,55.6,876.9
2019/2/17 15:30,-11.1073,1,-9.3,-6.4,468.8,46.1,56.3,876.9
2019/2/17 15:45,-8.8163,1,-9.2,-6.4,468.8,46,57,876.9
2019/2/17 16:00,-8.7675,1,-9.2,-6.7,377.9,47.4,57.3,876.7
2019/2/17 16:15,-7.6575,1.1,-9.2,-6.7,377.9,48.6,57.3,876.6
2019/2/17 16:30,-5.7742,1.2,-9.3,-7.2,278.3,56.3,57.2,876.5
2019/2/17 16:45,-3.788,1.2,-9.4,-7.3,278.3,57.6,57,876.5
2019/2/18 7:45,-0.4217,1.7,-10.7,-9,9.8,85.7,77,873.9
2019/2/18 8:00,-0.7666,1.6,-10.3,-8.6,63.5,81.3,76.2,873.8
2019/2/18 8:15,-1.3083,1.4,-11.9,-9.6,51.7,77.5,79.8,871.9
2019/2/18 8:30,-2.8941,1.4,-11.7,-9.3,99.8,75.7,79.8,871.9
2019/2/18 8:45,-4.5317,1.4,-11.6,-9.1,99.8,75.3,79.6,871.9
2019/2/18 9:00,-4.7611,1.4,-11.3,-8.7,144.5,74.4,79.5,872
2019/2/18 9:15,-5.1363,1.4,-11.1,-8.5,144.5,73.8,79.3,871.9
2019/2/18 9:30,-5.6314,1.4,-10.8,-8.1,203,72.4,79,871.7
2019/2/18 9:45,-7.4022,1.4,-10.6,-7.9,203,71.2,79,871.5
2019/2/18 10:00,-9.3262,1.4,-10.3,-7.4,276.6,69.8,78.9,871.4
2019/2/18 10:15,-10.1157,1.4,-10.1,-7.2,276.6,68.8,78.7,871.4
2019/2/18 10:30,-8.5018,1.4,-9.8,-6.8,321.6,67.6,78.4,871.4
2019/2/18 10:45,-8.1466,1.4,-9.6,-6.6,321.6,66.6,78.4,871.3
2019/2/18 11:00,-8.8037,1.4,-9.3,-6.3,355.8,65.8,78.5,871.1
2019/2/18 11:15,-10.1587,1.4,-9.1,-6,355.8,65.6,79,871
2019/2/18 11:30,-8.9029,1.5,-8.9,-5.6,424.8,65.5,79.1,870.9
2019/2/18 11:45,-9.9389,1.5,-8.6,-5.4,424.8,65.2,79,870.9
2019/2/18 12:00,-9.4845,1.5,-8.4,-5.2,419.2,64.9,79,870.9
2019/2/18 12:15,-9.3639,1.5,-8.2,-5,419.2,65.4,79.2,870.8
2019/2/18 12:30,-7.542,1.6,-8.2,-4.9,392,69.8,79.2,870.8
2019/2/18 12:45,-7.5102,1.8,-8.3,-4.9,392,76.9,79,870.7
2019/2/18 13:00,-7.3881,1.9,-8.3,-4.8,392.9,82.3,79,870.6
2019/2/18 13:15,-7.2038,2,-8.2,-4.8,392.9,84.7,79.2,870.4
2019/2/18 13:30,-6.8834,2,-8,-4.6,414.6,85,79.3,870.4
2019/2/18 13:45,-6.6703,2.1,-7.8,-4.5,414.6,84.5,79.2,870.2
2019/2/18 14:00,-6.1405,2.1,-7.6,-4.5,371.9,84.2,79.1,870.1
2019/2/18 14:15,-5.6721,2.1,-7.5,-4.4,371.9,84.4,79.1,870
2019/2/18 14:30,-5.0445,2.2,-7.4,-4.5,314.6,85.6,79,869.8
2019/2/18 14:45,-4.6094,2.2,-7.3,-4.5,314.6,86.3,78.9,869.7
2019/2/18 15:00,-3.6415,2.2,-7.2,-4.6,262.8,86.6,78.7,869.7
2019/2/18 15:15,-2.7342,2.2,-7.1,-4.5,262.8,86.6,78.6,869.7
2019/2/18 15:30,-2.4456,2.2,-7.1,-4.7,198.6,87.3,78.4,869.6
2019/2/18 15:45,-1.8381,2.3,-7.1,-4.8,198.6,88,78,869.5
2019/2/18 16:00,-2.106,2.3,-7.1,-4.9,143.2,88.9,77.7,869.4
2019/2/18 16:15,-1.0951,2.3,-7.1,-5,143.2,89.5,77.5,869.3
2019/2/18 16:30,-0.7385,2.3,-7.1,-5.2,100.4,90.1,77.3,869.2
2019/2/18 16:45,-0.549,2.3,-7.1,-5.2,100.4,90.5,77.2,869.1
2019/2/19 7:45,-0.0458,1.7,-10.1,-8.3,14.7,85.1,7.4,870.4
2019/2/19 8:00,-0.0558,1.7,-10.2,-8.2,103.4,84.5,7.7,870.5
2019/2/19 8:15,-0.058,1.4,-12.2,-10,116.1,81,10.8,869.7
2019/2/19 8:30,-0.1058,1.4,-12.1,-9.7,223.7,78.1,10.7,869.7
2019/2/19 8:45,-0.233,1.3,-12.1,-9.7,223.7,76.3,10.3,869.8
2019/2/19 9:00,-0.367,1.3,-12,-9.3,329.2,73.4,9.9,870
2019/2/19 9:15,-0.5024,1.3,-11.9,-9.2,329.2,71.9,9.4,870
2019/2/19 9:30,-0.6208,1.3,-11.7,-8.8,427.2,70,8.9,870.1
2019/2/19 9:45,-0.7436,1.2,-11.6,-8.6,427.2,68.9,8.5,870.1
2019/2/19 10:00,-0.8813,1.2,-11.3,-8.2,514.9,67.4,8.2,870.1
2019/2/19 10:15,-1.0019,1.2,-11.1,-8,514.9,66.5,8,870.2
2019/2/19 10:30,-1.1247,1.3,-10.9,-7.6,590.1,65.3,8.1,870.3
2019/2/19 10:45,-1.2513,1.3,-10.7,-7.4,590.1,64.6,8.3,870.3
2019/2/19 11:00,-1.3171,1.3,-10.4,-7,651.5,63.6,8.8,870.4
2019/2/19 11:15,-1.4008,1.3,-10.2,-6.8,651.5,63,9.6,870.4
2019/2/19 11:30,-1.5354,1.3,-9.9,-6.5,697.9,62.2,10.4,870.4
2019/2/19 11:45,-1.639,1.3,-9.7,-6.3,697.9,61.5,11.4,870.4
2019/2/19 12:00,-1.7715,1.3,-9.5,-6.1,728.5,60.7,12.4,870.3
2019/2/19 12:15,-1.9247,1.3,-9.3,-6,728.5,59.6,13.3,870.3
2019/2/19 12:30,-2.0845,1.3,-9.1,-5.8,742.6,58.3,14.2,870.3
2019/2/19 12:45,-2.3576,1.3,-9,-5.7,742.6,56.7,14.9,870.3
2019/2/19 13:00,-2.6832,1.2,-8.8,-5.6,739.9,55,15.3,870.4
2019/2/19 13:15,-2.9082,1.2,-8.6,-5.5,739.9,53.2,15.3,870.5
2019/2/19 13:30,-3.4965,1.2,-8.5,-5.4,720.5,51.5,14.9,870.5
2019/2/19 13:45,-4.1018,1.2,-8.4,-5.3,720.5,49.8,14.3,870.6
2019/2/19 14:00,-4.9565,1.1,-8.2,-5.4,684.9,48.4,13.7,870.7
2019/2/19 14:15,-5.9266,1.1,-8.1,-5.3,684.9,47.1,13.4,870.9
2019/2/19 14:30,-6.4994,1.1,-8.1,-5.4,633.7,46.3,13.7,871
2019/2/19 14:45,-6.6637,1.1,-8,-5.4,633.7,45.5,14.9,871.1
2019/2/19 15:00,-6.7251,1.1,-8,-5.6,567.5,45.5,16.9,871.2
2019/2/19 15:15,-6.6962,1.1,-8,-5.6,567.5,45.4,19.3,871.3
2019/2/19 15:30,-6.4372,1.1,-8.1,-5.9,487.6,46,21.6,871.4
2019/2/19 15:45,-5.9066,1.1,-8.1,-5.9,487.6,46.5,23.3,871.5
2019/2/19 16:00,-5.3968,1.1,-8.2,-6.2,395.8,47.9,23.6,871.7
2019/2/19 16:15,-4.8366,1.1,-8.3,-6.3,395.8,48.8,22.8,871.8
2019/2/19 16:30,-3.9375,1.2,-8.4,-6.7,294.6,50.5,21.9,871.9
2019/2/19 16:45,-3.1953,1.2,-8.5,-6.8,294.6,51.8,21.5,871.9
2019/2/20 7:45,-0.2279,1,-16.4,-14.9,24.5,79.2,16.4,877.8
2019/2/20 8:00,-0.8265,1,-16.1,-14.4,123.1,79.1,15.8,877.9
2019/2/20 8:15,-1.9047,1.1,-16.2,-14.4,120.3,87.2,14.6,877
2019/2/20 8:30,-2.994,1.1,-15.7,-13.7,226.9,86.6,13.9,877.2
2019/2/20 8:45,-3.8768,1.1,-15.4,-13.4,226.9,86,13.5,877.4
2019/2/20 9:00,-4.4666,1.2,-14.8,-12.6,331.1,85.2,13.2,877.4
2019/2/20 9:15,-5.2954,1.2,-14.4,-12.2,331.1,84.5,12.9,877.5
2019/2/20 9:30,-6.0494,1.2,-13.8,-11.4,428.1,80.4,12.6,877.5
2019/2/20 9:45,-6.7554,1.2,-13.4,-10.9,428.1,76.9,12.4,877.5
2019/2/20 10:00,-7.2357,1.1,-13,-10.2,515.2,70.1,12.2,877.6
2019/2/20 10:15,-7.8166,1.1,-12.6,-9.8,515.2,68.9,12.1,877.7
2019/2/20 10:30,-8.5632,1.2,-12.2,-9.1,590.1,67.2,12,877.7
2019/2/20 10:45,-9.1086,1.2,-11.7,-8.7,590.1,65.5,11.8,877.7
2019/2/20 11:00,-9.7347,1.2,-11.2,-8.1,651.4,63.9,11.7,877.8
2019/2/20 11:15,-10.4724,1.2,-10.7,-7.7,651.4,62.3,11.5,877.9
2019/2/20 11:30,-11.0185,1.2,-10.2,-7.2,697.7,60.8,11.4,877.8
2019/2/20 11:45,-11.3708,1.2,-9.8,-6.8,697.7,59.5,11.4,877.8
2019/2/20 12:00,-11.8533,1.2,-9.3,-6.3,728.1,58.1,11.5,877.8
2019/2/20 12:15,-12.2048,1.3,-8.9,-6,728.1,56.9,11.6,877.8
2019/2/20 12:30,-12.631,1.3,-8.5,-5.6,742,55.6,11.7,877.8
2019/2/20 12:45,-13.1978,1.3,-8.1,-5.3,742,54.4,11.8,877.8
2019/2/20 13:00,-13.4613,1.3,-7.9,-5,739,52.9,12,877.9
2019/2/20 13:15,-13.6048,1.3,-7.6,-4.8,739,51.5,12.1,877.9
2019/2/20 13:30,-13.7255,1.3,-7.3,-4.6,719.3,50.3,12.1,877.9
2019/2/20 13:45,-13.7869,1.3,-7,-4.4,719.3,49.4,12.1,878
2019/2/20 14:00,-13.7284,1.3,-6.8,-4.3,683.3,48.7,12.1,878
2019/2/20 14:15,-13.4975,1.3,-6.5,-4.1,683.3,48,12.1,878.2
2019/2/20 14:30,-13.2208,1.3,-6.3,-4,631.7,47.6,12.1,878.3
2019/2/20 14:45,-12.8774,1.3,-6.1,-3.9,631.7,47.1,12.1,878.3
2019/2/20 15:00,-12.258,1.3,-6,-4,565.5,47.2,12.2,878.4
2019/2/20 15:15,-11.5388,1.3,-5.8,-3.9,565.5,47.2,12.3,878.5
2019/2/20 15:30,-10.6841,1.4,-5.8,-4.1,486.1,48.4,12.4,878.5
2019/2/20 15:45,-9.7406,1.4,-5.7,-4.1,486.1,49.3,12.5,878.6
2019/2/20 16:00,-8.7564,1.6,-5.7,-4.4,395.3,58.1,12.6,878.6
2019/2/20 16:15,-7.7233,1.6,-5.7,-4.5,395.3,58.5,12.6,878.6
2019/2/20 16:30,-6.5423,1.7,-5.9,-5,295.4,61.5,12.6,878.5
2019/2/20 16:45,-5.16,1.7,-6,-5.1,295.4,62.9,12.7,878.6
2019/2/21 7:45,-0.9412,1.3,-14.5,-13.7,27.6,90.2,5.6,880.4
2019/2/21 8:00,-2.2821,1.3,-14.1,-13.2,126.5,89.6,4.8,880.4
2019/2/21 8:15,-3.6052,1.3,-14.6,-13.5,128.6,89.3,6.8,879.1
2019/2/21 8:30,-5.174,1.3,-14.1,-12.8,237.1,88.2,6,879.1
2019/2/21 8:45,-6.2877,1.3,-13.8,-12.5,237.1,87.5,5.1,879.2
2019/2/21 9:00,-7.7522,1.4,-13.2,-11.8,342,86.5,4.2,879.1
2019/2/21 9:15,-8.9687,1.4,-12.9,-11.4,342,85.7,3.5,879
2019/2/21 9:30,-9.9056,1.4,-12.3,-10.6,439.5,84.7,3,878.9
2019/2/21 9:45,-11.2405,1.5,-11.9,-10.1,439.5,84,2.7,878.8
2019/2/21 10:00,-11.8666,1.4,-11.3,-9.4,526.5,76.6,2.7,878.7
2019/2/21 10:15,-12.8989,1.4,-11,-8.9,526.5,72.6,2.7,878.8
2019/2/21 10:30,-13.7824,1.3,-10.6,-8.2,600.9,68.3,2.8,878.7
2019/2/21 10:45,-14.2679,1.3,-10.1,-7.8,600.9,66.1,3,878.6
2019/2/21 11:00,-14.7185,1.3,-9.7,-7.2,661.7,63.9,3.2,878.5
2019/2/21 11:15,-15.1034,1.3,-9.3,-6.8,661.7,62.6,3.3,878.4
2019/2/21 11:30,-15.4563,1.4,-8.8,-6.3,707.8,60.8,3.4,878.4
2019/2/21 11:45,-15.773,1.4,-8.4,-5.9,707.8,59.2,3.6,878.3
2019/2/21 12:00,-16.0098,1.4,-8,-5.4,737.7,57.8,3.8,878.2
2019/2/21 12:15,-16.3636,1.4,-7.6,-5.1,737.7,56.5,4.2,878.2
2019/2/21 12:30,-16.2459,1.4,-7.3,-4.7,750.7,55,4.6,878.1
2019/2/21 12:45,-15.7153,1.4,-6.9,-4.5,750.7,53.8,5.2,878.1
2019/2/21 13:00,-16.6825,1.4,-6.5,-4.2,746.8,52.9,6,878.1
2019/2/21 13:15,-14.6253,1.4,-6.2,-3.9,746.8,52,6.9,878
2019/2/21 13:30,-13.6492,1.4,-5.9,-3.7,726.5,51,8.1,878
2019/2/21 13:45,-13.3954,1.4,-5.7,-3.5,726.5,50,9.6,877.9
2019/2/21 14:00,-13.9645,1.4,-5.5,-3.4,690,49.4,11.3,877.9
2019/2/21 14:15,-11.2857,1.4,-5.2,-3.2,690,48.9,12.9,877.9
2019/2/21 14:30,-12.2973,1.5,-5,-3.2,637.6,48.9,14.4,877.9
2019/2/21 14:45,-11.1295,1.5,-4.8,-3.1,637.6,48.7,15.8,877.8
2019/2/21 15:00,-10.8979,1.5,-4.6,-3.1,570.5,49.2,17,877.8
2019/2/21 15:15,-9.3543,1.5,-4.5,-3,570.5,49.5,18,877.8
2019/2/21 15:30,-9.614,1.6,-4.4,-3.2,490.6,52.5,18.8,877.7
2019/2/21 15:45,-5.6469,1.7,-4.3,-3.2,490.6,53.1,19.5,877.6
2019/2/21 16:00,-4.9254,1.9,-4.4,-3.5,398.9,60.9,20.1,877.6
2019/2/21 16:15,-6.8531,1.9,-4.5,-3.6,398.9,61.4,20.5,877.4
2019/2/21 16:30,-4.656,1.9,-4.7,-4.1,298.6,64.2,20.7,877.3
2019/2/21 16:45,-5.2939,2,-4.8,-4.3,298.6,65.7,21,877.2
2019/2/22 7:45,-0.5586,1.5,-12.6,-11.7,30,90.5,22.7,877.9
2019/2/22 8:00,-1.0493,1.5,-12.3,-11.3,127.2,90.3,23.1,878.1
2019/2/22 8:15,-1.6302,1.9,-10,-8.9,88.4,94.4,36.2,877.2
2019/2/22 8:30,-2.4242,2,-9.6,-8.3,185.3,93.5,37.4,877.4
2019/2/22 8:45,-3.2374,2,-9.3,-8,185.3,93,38.3,877.3
2019/2/22 9:00,-4.2246,2.1,-8.8,-7.3,289.6,92.1,39.3,877.3
2019/2/22 9:15,-5.234,2.1,-8.5,-6.9,289.6,91.5,40.2,877.3
2019/2/22 9:30,-5.8119,2,-8,-6.2,384.5,84.6,41.1,877.4
2019/2/22 9:45,-6.8701,2,-7.8,-5.8,384.5,83.3,42.1,877.3
2019/2/22 10:00,-8.2265,2,-7.4,-5.2,472,81.8,43.1,877.4
2019/2/22 10:15,-9.1404,2,-7.1,-4.9,472,80,44,877.6
2019/2/22 10:30,-9.9115,2,-6.7,-4.3,555.9,77.7,44.8,877.5
2019/2/22 10:45,-11.1791,2,-6.5,-4,555.9,76.3,45.3,877.4
2019/2/22 11:00,-11.6113,2,-6.2,-3.7,642.7,74.8,45.5,877.4
2019/2/22 11:15,-11.259,2,-5.9,-3.4,642.7,73.2,45.6,877.4
2019/2/22 11:30,-11.2065,2.1,-5.6,-3.1,696.1,71.8,45.6,877.4
2019/2/22 11:45,-12.5637,2.1,-5.4,-2.9,696.1,70.5,45.6,877.4
2019/2/22 12:00,-11.7637,2,-5.1,-2.6,724.2,68.9,45.6,877.5
2019/2/22 12:15,-11.6054,2,-4.8,-2.3,724.2,67.4,45.6,877.5
2019/2/22 12:30,-10.9379,2,-4.5,-1.9,715.9,65.8,45.9,877.5
2019/2/22 12:45,-11.3286,2,-4.3,-1.6,715.9,64.5,47.1,877.5
2019/2/22 13:00,-10.6774,2,-4,-1.3,680.4,63.2,48.9,877.5
2019/2/22 13:15,-10.6382,2.1,-3.7,-1.1,680.4,62.2,50.5,877.4
2019/2/22 13:30,-10.4428,2.1,-3.4,-1,673.6,61.4,51.5,877.4
2019/2/22 13:45,-9.9026,2.1,-3.2,-0.8,673.6,60.5,51.9,877.4
2019/2/22 14:00,-9.136,2.1,-3,-0.7,640.7,59.5,52.1,877.4
2019/2/22 14:15,-9.4512,2.1,-2.7,-0.6,640.7,58.5,52.5,877.5
2019/2/22 14:30,-8.9488,2.1,-2.6,-0.6,564.5,57.6,53.4,877.5
2019/2/22 14:45,-8.524,2.1,-2.4,-0.4,564.5,56.7,54.8,877.4
2019/2/22 15:00,-8.1725,2.1,-2.3,-0.5,474.1,56.2,56.8,877.4
2019/2/22 15:15,-7.4732,2.1,-2.1,-0.5,474.1,55.4,59.3,877.4
2019/2/22 15:30,-6.5253,2.1,-2,-0.7,367.9,55.4,61.8,877.4
2019/2/22 15:45,-6.1042,2.1,-1.9,-0.7,367.9,55.1,64.3,877.5
2019/2/22 16:00,-4.9661,2.2,-2,-1,264.7,57.5,66.9,877.6
2019/2/22 16:15,-3.8753,2.2,-2,-1.1,264.7,58.2,69.2,877.6
2019/2/22 16:30,-2.9792,2.3,-2.1,-1.5,183.1,61.4,70.9,877.6
2019/2/22 16:45,-2.1097,2.4,-2.2,-1.7,183.1,63.8,72.1,877.7
2019/2/23 7:45,-0.7962,2,-10.2,-10.1,32.8,96.7,50.4,878.1
2019/2/23 8:00,-1.8277,2,-9.9,-9.7,129.4,96.7,50,878.1
2019/2/23 8:15,-2.3916,1.9,-10.7,-8.2,66.9,98.5,47.2,877.8
2019/2/23 8:30,-4.0093,1.9,-10.5,-7.8,131.8,98.2,47,877.8
2019/2/23 8:45,-5.399,2,-10.4,-7.7,131.8,98.2,46.6,877.8
2019/2/23 9:00,-6.7339,2,-10.2,-7.3,216.2,97.9,46.4,877.8
2019/2/23 9:15,-8.0075,2,-10,-7.1,216.2,97.7,45.8,877.7
2019/2/23 9:30,-9.0413,2,-9.5,-6.5,334.3,96.4,45.2,877.6
2019/2/23 9:45,-10.0565,2.1,-9.2,-6.2,334.3,95.5,44.7,877.6
2019/2/23 10:00,-11.0089,2.1,-8.6,-5.6,481.1,92.4,44,877.6
2019/2/23 10:15,-11.7252,2.1,-8.2,-5.3,481.1,89.9,42.9,877.6
2019/2/23 10:30,-12.5511,2.1,-7.8,-5,588.9,87.4,41.8,877.6
2019/2/23 10:45,-13.0254,2.1,-7.4,-4.7,588.9,85.1,40.7,877.4
2019/2/23 11:00,-13.4953,2.1,-6.9,-4.2,654.3,82.5,39.4,877.4
2019/2/23 11:15,-13.8587,2.1,-6.5,-3.9,654.3,80.1,38,877.4
2019/2/23 11:30,-14.2479,2.1,-6,-3.4,699.7,77.4,36.1,877.2
2019/2/23 11:45,-14.649,2.1,-5.6,-3.1,699.7,74.9,33.7,877
2019/2/23 12:00,-14.848,2.1,-5.1,-2.7,729.3,72.2,31.1,876.9
2019/2/23 12:15,-14.9109,2.1,-4.8,-2.4,729.3,69.9,28.6,876.8
2019/2/23 12:30,-15.1285,2.1,-4.5,-2.1,742.5,67.3,26.5,876.7
2019/2/23 12:45,-15.221,2.1,-4.2,-1.8,742.5,65,24.2,876.7
2019/2/23 13:00,-14.9812,2.1,-3.8,-1.5,739.2,63.4,21.9,876.6
2019/2/23 13:15,-14.6793,2.1,-3.4,-1.3,739.2,61.9,19.3,876.6
2019/2/23 13:30,-14.4966,2.1,-3.1,-1.1,719.9,60.7,16.7,876.5
2019/2/23 13:45,-14.111,2.1,-2.8,-0.9,719.9,59.6,14.6,876.4
2019/2/23 14:00,-13.6907,2.1,-2.6,-0.8,684.8,58.7,13.1,876.4
2019/2/23 14:15,-13.1031,2.1,-2.3,-0.6,684.8,58,12.3,876.4
2019/2/23 14:30,-12.3631,2.1,-2.1,-0.6,634.2,57.7,11.4,876.3
2019/2/23 14:45,-11.7467,2.2,-1.9,-0.5,634.2,57.3,10.5,876.2
2019/2/23 15:00,-10.8291,2.2,-1.7,-0.5,568.7,57.5,9.7,876.2
2019/2/23 15:15,-9.8678,2.2,-1.6,-0.5,568.7,57.5,8.9,876.1
2019/2/23 15:30,-8.9651,2.3,-1.5,-0.7,490.2,59.1,8,876.1
2019/2/23 15:45,-7.9668,2.3,-1.4,-0.7,490.2,60.1,6.8,876
2019/2/23 16:00,-6.899,2.5,-1.5,-1,400.8,65.5,5.7,875.9
2019/2/23 16:15,-5.8445,2.6,-1.5,-1.1,400.8,67.7,4.8,875.8
2019/2/23 16:30,-4.7915,2.7,-1.8,-1.5,302.6,71.1,4.2,875.6
2019/2/23 16:45,-3.8413,2.7,-1.9,-1.7,302.6,71.8,3.8,875.6
2019/2/24 7:45,-1.4622,1.5,-12.5,-11.3,34.2,90.3,41.3,876.8
2019/2/24 8:00,-1.9957,1.5,-12.1,-10.9,134.7,89.7,45.7,876.9
2019/2/24 8:15,-3.828,1.6,-12.2,-10.7,135.7,94.7,29.7,876.2
2019/2/24 8:30,-5.6291,1.7,-11.7,-10.1,241.4,93.8,33.1,876.2
2019/2/24 8:45,-6.5993,1.7,-11.5,-9.8,241.4,93.4,37.1,876.2
2019/2/24 9:00,-7.3888,1.8,-10.9,-9.1,343.7,92.5,40.5,876.2
2019/2/24 9:15,-7.9179,1.8,-10.5,-8.7,343.7,91.9,43,876.3
2019/2/24 9:30,-9.1848,1.8,-10,-7.9,439,86.5,44.6,876.2
2019/2/24 9:45,-9.8789,1.7,-9.7,-7.5,439,83.8,46,876.2
2019/2/24 10:00,-12.056,1.8,-9.3,-6.8,524.5,81.3,47.9,876.2
2019/2/24 10:15,-11.1251,1.8,-8.9,-6.4,524.5,78.5,49.7,876.3
2019/2/24 10:30,-10.0055,1.7,-8.4,-5.7,598.5,75.7,50.9,876.3
2019/2/24 10:45,-11.168,1.8,-8,-5.3,598.5,73.8,53,876.3
2019/2/24 11:00,-12.1663,1.8,-7.5,-4.7,653.7,71.9,55.4,876.3
2019/2/24 11:15,-11.5173,1.8,-7.1,-4.3,653.7,70.1,57.4,876.4
2019/2/24 11:30,-12.133,1.8,-6.6,-3.8,697.6,68.1,59,876.3
2019/2/24 11:45,-13.3081,1.8,-6.2,-3.4,697.6,66.2,60.1,876.3
2019/2/24 12:00,-14.1628,1.8,-5.8,-3,722,64.5,61.7,876.2
2019/2/24 12:15,-13.7691,1.8,-5.5,-2.7,722,62.8,63.1,876.2
2019/2/24 12:30,-11.5957,1.8,-5.3,-2.3,717.7,61,63.7,876.2
2019/2/24 12:45,-13.8268,1.8,-5.1,-2,717.7,59.6,64,876.1
2019/2/24 13:00,-13.0787,1.8,-4.7,-1.8,718.2,58.7,64.4,876.2
2019/2/24 13:15,-12.3084,1.8,-4.4,-1.5,718.2,57.8,65,876.2
2019/2/24 13:30,-11.1184,1.8,-4.1,-1.3,696.7,56.9,65.7,876.2
2019/2/24 13:45,-11.9191,1.8,-3.7,-1.1,696.7,56,66.5,876.1
2019/2/24 14:00,-12.5089,1.9,-3.5,-1.1,658.9,55.5,67,876.1
2019/2/24 14:15,-10.2985,1.9,-3.2,-0.9,658.9,55,67.1,876
2019/2/24 14:30,-12.3283,1.9,-3.1,-1,614.3,54.9,66.9,876
2019/2/24 14:45,-12.2899,1.9,-2.9,-1,614.3,54.5,66.8,876
2019/2/24 15:00,-11.8015,1.9,-2.9,-1.2,564,54.8,66.6,875.9
2019/2/24 15:15,-10.1498,1.9,-2.9,-1.2,564,54.8,66.5,876
2019/2/24 15:30,-10.0129,1.9,-3,-1.6,495.1,55.7,66.2,876
2019/2/24 15:45,-8.9554,2,-3,-1.7,495.1,56.1,65.5,876
2019/2/24 16:00,-6.9944,2,-3.2,-2,404,57.3,64.2,876
2019/2/24 16:15,-6.5867,2,-3.3,-2.2,404,58,63,876.1
2019/2/24 16:30,-5.6787,2,-3.6,-2.6,302.7,59.5,62.4,876.2
2019/2/24 16:45,-5.1415,2,-3.7,-2.7,302.7,60.8,62.3,876.3
2019/2/25 7:45,-0.5439,2,-8.3,-6.8,24.5,85.8,64.2,878.2
2019/2/25 8:00,-1.0737,2,-8.2,-6.5,97.6,84.4,64.1,878.2
2019/2/25 8:15,-1.7515,2,-8.5,-6.9,70.4,85.9,74.9,877.4
2019/2/25 8:30,-2.8319,2,-8.3,-6.5,115.9,85,74.4,877.5
2019/2/25 8:45,-3.4291,2,-8.2,-6.4,115.9,85,73.7,877.5
2019/2/25 9:00,-3.717,2,-8,-6,184.1,84.3,73.3,877.4
2019/2/25 9:15,-5.5781,2,-7.8,-5.7,184.1,84.3,72.6,877.4
2019/2/25 9:30,-5.6476,2.1,-7.6,-5.3,277.3,84.5,72.5,877.3
2019/2/25 9:45,-5.991,2.1,-7.5,-5,277.3,85,72.4,877.2
2019/2/25 10:00,-7.2986,2.1,-7.2,-4.5,395.5,84.6,72.4,877.2
2019/2/25 10:15,-7.5509,2.2,-6.9,-4.2,395.5,84.3,71.8,877.1
2019/2/25 10:30,-7.0951,2.2,-6.5,-3.6,508.6,83.4,70.9,877.1
2019/2/25 10:45,-7.8469,2.3,-6.2,-3.3,508.6,82.5,69.7,876.9
2019/2/25 11:00,-10.3474,2.3,-5.8,-2.7,619,81.1,68.7,877
2019/2/25 11:15,-11.7356,2.3,-5.5,-2.4,619,79.7,68.2,877
2019/2/25 11:30,-12.9026,2.3,-5.1,-2.1,700,78.4,67.9,876.9
2019/2/25 11:45,-13.448,2.4,-4.8,-1.9,700,77.4,67.6,876.8
2019/2/25 12:00,-13.0787,2.4,-4.5,-1.7,731.3,76.5,66.8,876.6
2019/2/25 12:15,-13.7543,2.4,-4.3,-1.5,731.3,75.7,66.5,876.5
2019/2/25 12:30,-13.1238,2.4,-4,-1.3,745.2,74.9,66.7,876.4
2019/2/25 12:45,-12.9929,2.4,-3.8,-1.1,745.2,74.2,66.1,876.3
2019/2/25 13:00,-11.9162,2.5,-3.5,-0.8,738.7,73.3,65.1,876.2
2019/2/25 13:15,-10.8484,2.5,-3.2,-0.6,738.7,72.6,64.1,876
2019/2/25 13:30,-12.3335,2.5,-3,-0.5,722.5,72.1,63.9,875.9
2019/2/25 13:45,-11.9658,2.5,-2.8,-0.4,722.5,71.7,64.2,875.8
2019/2/25 14:00,-10.7344,2.6,-2.6,-0.4,684.1,71.5,64.2,875.7
2019/2/25 14:15,-10.3666,2.6,-2.4,-0.3,684.1,71.2,64.5,875.5
2019/2/25 14:30,-11.0504,2.6,-2.2,-0.4,637,71.2,65,875.4
2019/2/25 14:45,-7.0795,2.6,-2.1,-0.4,637,70.9,66,875.4
2019/2/25 15:00,-8.1903,2.7,-2,-0.6,571.7,71,67.4,875.4
2019/2/25 15:15,-7.8617,2.7,-1.9,-0.6,571.7,70.9,68.6,875.5
2019/2/25 15:30,-7.861,2.7,-1.9,-0.7,494,71.1,69.9,875.5
2019/2/25 15:45,-6.7932,2.7,-1.8,-0.7,494,71.1,71.3,875.5
2019/2/25 16:00,-6.4017,2.7,-1.8,-1,405,72,72.2,875.4
2019/2/25 16:15,-4.864,2.8,-1.8,-1.1,405,72.5,72.7,875.3
2019/2/25 16:30,-3.8968,2.8,-2,-1.5,307.5,73.9,72.5,875.1
2019/2/25 16:45,-3.4757,2.8,-2,-1.6,307.5,74.7,71.9,875
2019/2/26 7:45,-0.5468,3.2,-3.5,-3.5,17.8,96.3,73.3,874.5
2019/2/26 8:00,-0.8458,3.3,-3.3,-3.3,56.7,95.5,69.7,874.5
2019/2/26 8:15,-1.8129,0.9,-19,-16.2,108.4,89.3,39.1,879.3
2019/2/26 8:30,-2.4701,0.9,-18.5,-15.6,214.9,88.9,42.1,879.4
2019/2/26 8:45,-3.7954,0.9,-18.2,-15.2,214.9,88.6,44.8,879.4
2019/2/26 9:00,-5.2051,0.9,-17.6,-14.5,319.2,85.7,47.1,879.4
2019/2/26 9:15,-6.4624,0.9,-17.3,-14.1,319.2,84.1,49,879.2
2019/2/26 9:30,-7.5443,0.9,-16.8,-13.4,416.4,79.2,50.7,879
2019/2/26 9:45,-8.8644,0.9,-16.5,-13,416.4,77.6,52.4,878.9
2019/2/26 10:00,-9.7583,0.9,-16.1,-12.3,503.5,75.7,54.2,878.9
2019/2/26 10:15,-10.0899,1,-15.6,-11.9,503.5,74.3,56.3,878.8
2019/2/26 10:30,-10.4665,1,-15.2,-11.2,578.5,72.3,58.3,878.7
2019/2/26 10:45,-9.688,1,-14.7,-10.8,578.5,69.8,59.8,878.5
2019/2/26 11:00,-7.5679,0.9,-14.1,-10.2,639.6,64.1,61.2,878.6
2019/2/26 11:15,-12.6932,0.9,-13.8,-9.8,639.6,61.6,62.4,878.5
2019/2/26 11:30,-12.8937,0.9,-13.3,-9.3,685.4,60,62.9,878.5
2019/2/26 11:45,-11.6683,1,-12.8,-8.9,685.4,59,62.4,878.5
2019/2/26 12:00,-10.7965,1,-12.4,-8.4,715.1,57.9,60.6,878.5
2019/2/26 12:15,-14.1746,1,-12,-8.1,715.1,56.8,58.6,878.4
2019/2/26 12:30,-13.8328,1,-11.6,-7.7,728.2,55.2,57,878.3
2019/2/26 12:45,-14.3826,1,-11.2,-7.4,728.2,53.5,56.2,878.2
2019/2/26 13:00,-14.4551,1,-11,-7.2,724.5,52.2,56.1,878
2019/2/26 13:15,-14.0126,1,-10.8,-7,724.5,50.8,56.3,877.7
2019/2/26 13:30,-14.1066,1,-10.6,-6.8,704.1,49.6,56,877.6
2019/2/26 13:45,-13.5123,1,-10.3,-6.6,704.1,48.7,55.7,877.4
2019/2/26 14:00,-13.1083,1,-10.1,-6.5,667.4,48,55.3,877.3
2019/2/26 14:15,-12.1234,1,-9.9,-6.4,667.4,47.3,55,877.2
2019/2/26 14:30,-11.7659,1,-9.7,-6.4,615.2,46.9,55,877.1
2019/2/26 14:45,-8.5936,1,-9.6,-6.2,615.2,46.5,55,877
2019/2/26 15:00,-7.0514,1,-9.5,-6.3,548.6,46.4,55.2,876.9
2019/2/26 15:15,-6.8242,1,-9.3,-6.2,548.6,46.2,55.6,876.9
2019/2/26 15:30,-7.6427,1,-9.3,-6.4,468.8,46.1,56.3,876.9
2019/2/26 15:45,-3.7673,1,-9.2,-6.4,468.8,46,57,876.9
2019/2/26 16:00,-1.6161,1,-9.2,-6.7,377.9,47.4,57.3,876.7
2019/2/26 16:15,-1.0382,1.1,-9.2,-6.7,377.9,48.6,57.3,876.6
2019/2/26 16:30,-1.6916,1.2,-9.3,-7.2,278.3,56.3,57.2,876.5
2019/2/26 16:45,-1.164,1.2,-9.4,-7.3,278.3,57.6,57,876.5
2019/2/27 7:45,-0.7962,1.7,-10.7,-9,9.8,85.7,77,873.9
2019/2/27 8:00,-1.4533,1.6,-10.3,-8.6,63.5,81.3,76.2,873.8
2019/2/27 8:15,-2.2377,1.7,-11.8,-10.1,153.2,96.9,9.7,874.3
2019/2/27 8:30,-3.0162,1.8,-11.2,-9.5,261.3,95.2,9.5,874.2
2019/2/27 8:45,-3.8768,1.8,-11,-9.1,261.3,94.4,9.3,874.1
2019/2/27 9:00,-4.6923,1.8,-10.4,-8.4,365.8,92.4,9.2,874.1
2019/2/27 9:15,-5.5988,1.9,-10.1,-8,365.8,91.5,9.2,874.1
2019/2/27 9:30,-6.5423,1.9,-9.6,-7.3,462.8,88.2,9.2,874.1
2019/2/27 9:45,-8.0578,1.9,-9.1,-6.9,462.8,86.7,9.1,874.1
2019/2/27 10:00,-10.5982,1.9,-8.6,-6.2,549.7,84.6,9,874.1
2019/2/27 10:15,-12.5444,2,-8.2,-5.9,549.7,83,9,874
2019/2/27 10:30,-13.3259,2,-7.8,-5.3,624.7,81.1,8.9,874.1
2019/2/27 10:45,-13.7565,2,-7.4,-4.9,624.7,79.6,8.9,874
2019/2/27 11:00,-14.2057,2,-7,-4.4,686,77.8,8.9,874
2019/2/27 11:15,-14.5513,2,-6.6,-4,686,76.3,9,874
2019/2/27 11:30,-14.9309,2,-6.2,-3.6,732.2,74.7,9,874
2019/2/27 11:45,-15.1477,2.1,-5.9,-3.3,732.2,73.4,9.1,874.1
2019/2/27 12:00,-15.4149,2.1,-5.5,-2.9,762.6,72.1,9.2,874.1
2019/2/27 12:15,-15.8123,2.1,-5.1,-2.6,762.6,70.9,9.3,874.1
2019/2/27 12:30,-15.7235,2.1,-4.8,-2.3,776.7,69.6,9.4,874
2019/2/27 12:45,-15.81,2.1,-4.4,-2,776.7,68.4,9.4,873.9
2019/2/27 13:00,-15.6924,2.2,-4.1,-1.8,774,67.1,9.5,873.8
2019/2/27 13:15,-15.4896,2.2,-3.8,-1.6,774,66,9.5,873.7
2019/2/27 13:30,-15.4104,2.2,-3.5,-1.5,754.6,65.1,9.5,873.6
2019/2/27 13:45,-14.9598,2.2,-3.3,-1.3,754.6,64.1,9.6,873.5
2019/2/27 14:00,-14.6164,2.2,-3,-1.2,718.8,63.2,9.7,873.4
2019/2/27 14:15,-14.1798,2.2,-2.8,-1,718.8,62.2,9.7,873.3
2019/2/27 14:30,-13.5797,2.2,-2.6,-1,667.5,61.5,9.8,873.2
2019/2/27 14:45,-13.0328,2.2,-2.4,-0.9,667.5,60.5,9.8,873.1
2019/2/27 15:00,-12.1729,2.2,-2.3,-1,601.5,60,9.8,873
2019/2/27 15:15,-11.4352,2.2,-2.1,-0.9,601.5,59.3,9.9,872.9
2019/2/27 15:30,-10.465,2.2,-2,-1.1,522.3,59.7,10,872.8
2019/2/27 15:45,-9.6051,2.3,-1.9,-1,522.3,59.5,10.2,872.8
2019/2/27 16:00,-8.4589,2.3,-2,-1.3,431.2,61.2,10.3,872.7
2019/2/27 16:15,-7.394,2.4,-2,-1.4,431.2,64,10.4,872.7
2019/2/27 16:30,-6.1464,2.5,-2.2,-1.8,330.9,68.4,10.5,872.6
2019/2/27 16:45,-4.8662,2.5,-2.3,-1.9,330.9,69.2,10.7,872.6
2019/2/28 7:45,-1.1373,1.8,-11.4,-10.6,54,97.7,12,873.7
2019/2/28 8:00,-2.2814,1.8,-11,-10.1,157.3,97.4,11.3,873.7
2019/2/28 8:15,-3.6763,1.8,-11.4,-10.2,157.8,97.4,16.2,872.2
2019/2/28 8:30,-4.8329,1.8,-10.9,-9.5,265.9,96.8,16.4,872.3
2019/2/28 8:45,-6.0036,1.9,-10.7,-9.2,265.9,96.3,16.6,872.4
2019/2/28 9:00,-7.582,1.9,-10.1,-8.4,370.4,95,16.7,872.3
2019/2/28 9:15,-8.5758,1.9,-9.9,-8,370.4,92.5,16.9,872.3
2019/2/28 9:30,-9.6288,1.9,-9.6,-7.3,467.6,89.9,17,872.3
2019/2/28 9:45,-10.6789,1.9,-9.3,-7,467.6,88.1,17,872.2
2019/2/28 10:00,-11.4736,1.9,-8.9,-6.4,554.6,85.8,16.9,872.2
2019/2/28 10:15,-12.3801,1.9,-8.6,-6,554.6,83.9,16.9,872.2
2019/2/28 10:30,-13.0765,1.9,-8.1,-5.4,629.6,82,16.6,872.2
2019/2/28 10:45,-13.7062,2,-7.8,-5,629.6,80.4,16.4,872.1
2019/2/28 11:00,-14.2612,2,-7.4,-4.5,690.9,78.6,16,872.3
2019/2/28 11:15,-14.6453,2,-7,-4.2,690.9,76.8,15.6,872.4
2019/2/28 11:30,-14.999,2,-6.5,-3.7,737.2,74.7,15.2,872.3
2019/2/28 11:45,-15.2417,2,-6.1,-3.3,737.2,72.8,14.7,872.3
2019/2/28 12:00,-15.4097,2,-5.8,-2.9,767.6,71,14.2,872.2
2019/2/28 12:15,-15.5296,2,-5.4,-2.6,767.6,69.3,13.6,872.1
2019/2/28 12:30,-15.6125,2,-5.1,-2.3,781.5,67.7,13.1,872.1
2019/2/28 12:45,-15.6191,2,-4.7,-2,781.5,66,12.5,872.1
2019/2/28 13:00,-15.2432,2,-4.4,-1.8,778.7,64.6,12,872.2
2019/2/28 13:15,-15.0353,2,-4.2,-1.5,778.7,63.3,11.6,872.2
2019/2/28 13:30,-14.3989,2,-3.9,-1.4,759.1,62.2,11.2,872.2
2019/2/28 13:45,-13.6737,2,-3.7,-1.2,759.1,61.1,11,872.2
2019/2/28 14:00,-5.1985,2,-3.4,-1.1,723.1,60.5,10.7,872.2
2019/2/28 14:15,-14.9117,2.1,-3.2,-0.9,723.1,59.9,10.6,872.2
2019/2/28 14:30,-14.1746,2.1,-2.9,-0.9,671.6,59.5,10.4,872.2
2019/2/28 14:45,-13.9194,2.1,-2.7,-0.8,671.6,59.2,10.2,872.2
2019/2/28 15:00,-12.9048,2.1,-2.5,-0.9,605.7,59.3,10.1,872.2
2019/2/28 15:15,-11.4825,2.2,-2.3,-0.8,605.7,59.2,9.9,872.2
2019/2/28 15:30,-10.4473,2.2,-2.2,-1,526.5,59.8,9.8,872.2
2019/2/28 15:45,-9.7139,2.2,-2.1,-1,526.5,60.1,9.8,872.2
2019/2/28 16:00,-8.2746,2.3,-2.2,-1.3,435.2,61.7,9.9,872.2
2019/2/28 16:15,-7.4843,2.3,-2.2,-1.3,435.2,62.3,10,872.2
2019/2/28 16:30,-6.1508,2.4,-2.4,-1.7,334.5,65.7,10.2,872.1
2019/2/28 16:45,-4.8484,2.5,-2.5,-1.9,334.5,67.5,10.4,872.2

